x_max,lam,tc_bps,group,label,Ann.Ret(%),Sharpe,CVaR(5%)(%),MDD(%),MDD_abs(%),Calmar,HHI,MaxW,Turnover
0.2,0.3,0,DFL-MDD,"DFL-MDD (LB=252, n1=0.1)",9.69,0.5981,2.69,37.96,41.57,0.2553,0.19,0.2,0.2114
0.2,0.3,0,DFL-MDD,"DFL-MDD (LB=252, n1=0.2)",9.28,0.569,2.73,37.22,40.25,0.2493,0.1894,0.2,0.2382
0.2,0.3,0,DFL-MDD,"DFL-MDD (LB=252, n1=0.3)",10.45,0.662,2.57,30.79,33.21,0.3394,0.1971,0.2,0.1409
0.2,0.3,0,DFL-MDD,"DFL-MDD (LB=252, n1=0.4)",9.65,0.5999,2.67,32.72,35.62,0.295,0.198,0.2,0.2597
0.2,0.3,0,DFL-MDD,"DFL-MDD (LB=504, n1=0.1)",11.14,0.6926,2.58,31.41,34.21,0.3545,0.1861,0.2,0.2584
0.2,0.3,0,DFL-MDD,"DFL-MDD (LB=504, n1=0.2)",10.19,0.635,2.6,33.15,35.8,0.3075,0.1954,0.2,0.2321
0.2,0.3,0,DFL-MDD,"DFL-MDD (LB=504, n1=0.3)",8.46,0.5362,2.7,37.97,41.75,0.2228,0.1963,0.2,0.1469
0.2,0.3,0,DFL-MDD,"DFL-MDD (LB=504, n1=0.4)",6.95,0.474,2.59,30.79,33.21,0.2256,0.1984,0.2,0.1583
0.2,0.3,0,DFL-MVO,DFL-MVO (LB=252),11.09,0.6462,2.8,36.06,39.47,0.3075,0.2,0.2,0.1303
0.2,0.3,0,DFL-MVO,DFL-MVO (LB=504),8.47,0.509,2.96,37.52,41.28,0.2258,0.1999,0.2,0.1706
0.2,0.3,0,PTO-MDD,"PTO-MDD (LB=252, n1=0.1)",9.96,0.5773,2.85,42.26,47.06,0.2357,0.2,0.2,0.0464
0.2,0.3,0,PTO-MDD,"PTO-MDD (LB=252, n1=0.2)",10.19,0.5878,2.86,42.26,47.06,0.2412,0.2,0.2,0.0463
0.2,0.3,0,PTO-MDD,"PTO-MDD (LB=252, n1=0.3)",10.15,0.5857,2.85,42.26,47.06,0.2401,0.1987,0.2,0.0468
0.2,0.3,0,PTO-MDD,"PTO-MDD (LB=252, n1=0.4)",10.15,0.5865,2.85,42.26,47.06,0.2402,0.1981,0.2,0.0513
0.2,0.3,0,PTO-MDD,"PTO-MDD (LB=504, n1=0.1)",10.79,0.5999,2.99,42.63,47.42,0.253,0.1952,0.2,0.055
0.2,0.3,0,PTO-MDD,"PTO-MDD (LB=504, n1=0.2)",9.73,0.5548,2.93,42.96,47.76,0.2266,0.1973,0.2,0.0638
0.2,0.3,0,PTO-MDD,"PTO-MDD (LB=504, n1=0.3)",10.05,0.5687,2.95,42.96,47.76,0.2341,0.1921,0.2,0.0648
0.2,0.3,0,PTO-MDD,"PTO-MDD (LB=504, n1=0.4)",10.14,0.5748,2.92,42.96,47.76,0.236,0.1965,0.2,0.0636
0.2,0.3,0,PTO-MVO,PTO-MVO (LB=252),7.61,0.5047,2.61,35.63,38.78,0.2136,0.1522,0.2,0.0683
0.2,0.3,0,PTO-MVO,PTO-MVO (LB=504),6.12,0.4219,2.64,36.88,40.17,0.1661,0.1571,0.2,0.0471
0.2,0.3,0,Benchmark,EW,11.9,0.6541,3.02,38.73,42.74,0.3072,0.1,0.1,0.0327
0.2,0.3,0,Benchmark,GMV (LB=252),8.03,0.53,2.59,34.48,37.5,0.2329,0.1502,0.2,0.0674
0.2,0.3,0,Benchmark,hist-MVO (LB=252),11.91,0.7045,2.74,32.81,35.85,0.3629,0.1628,0.2,0.2067
0.2,0.3,0,Benchmark,GMV (LB=504),6.86,0.4634,2.62,35.6,38.76,0.1928,0.1553,0.2,0.0456
0.2,0.3,0,Benchmark,hist-MVO (LB=504),8.88,0.555,2.74,32.05,34.81,0.2771,0.1607,0.2,0.1203
0.2,0.3,5,DFL-MDD,"DFL-MDD (LB=252, n1=0.1)",9.55,0.5912,2.69,37.98,41.6,0.2515,0.19,0.2,0.2114
0.2,0.3,5,DFL-MDD,"DFL-MDD (LB=252, n1=0.2)",9.12,0.5614,2.73,37.24,40.27,0.245,0.1894,0.2,0.2382
0.2,0.3,5,DFL-MDD,"DFL-MDD (LB=252, n1=0.3)",10.36,0.6572,2.57,30.79,33.21,0.3364,0.1971,0.2,0.1409
0.2,0.3,5,DFL-MDD,"DFL-MDD (LB=252, n1=0.4)",9.48,0.5914,2.67,32.73,35.63,0.2897,0.198,0.2,0.2597
0.2,0.3,5,DFL-MDD,"DFL-MDD (LB=504, n1=0.1)",10.97,0.6839,2.58,31.43,34.22,0.349,0.1861,0.2,0.2584
0.2,0.3,5,DFL-MDD,"DFL-MDD (LB=504, n1=0.2)",10.04,0.6272,2.6,33.16,35.81,0.3028,0.1954,0.2,0.2321
0.2,0.3,5,DFL-MDD,"DFL-MDD (LB=504, n1=0.3)",8.37,0.5314,2.7,38.02,41.82,0.2201,0.1963,0.2,0.1469
0.2,0.3,5,DFL-MDD,"DFL-MDD (LB=504, n1=0.4)",6.85,0.4685,2.59,30.79,33.21,0.2224,0.1984,0.2,0.1583
0.2,0.3,5,DFL-MVO,DFL-MVO (LB=252),11.0,0.6422,2.8,36.06,39.47,0.3052,0.2,0.2,0.1303
0.2,0.3,5,DFL-MVO,DFL-MVO (LB=504),8.36,0.5039,2.96,37.52,41.29,0.2229,0.1999,0.2,0.1706
0.2,0.3,5,PTO-MDD,"PTO-MDD (LB=252, n1=0.1)",9.93,0.5759,2.85,42.27,47.07,0.235,0.2,0.2,0.0464
0.2,0.3,5,PTO-MDD,"PTO-MDD (LB=252, n1=0.2)",10.16,0.5864,2.86,42.27,47.07,0.2404,0.2,0.2,0.0463
0.2,0.3,5,PTO-MDD,"PTO-MDD (LB=252, n1=0.3)",10.12,0.5843,2.85,42.27,47.07,0.2393,0.1987,0.2,0.0468
0.2,0.3,5,PTO-MDD,"PTO-MDD (LB=252, n1=0.4)",10.12,0.5849,2.85,42.27,47.07,0.2393,0.1981,0.2,0.0513
0.2,0.3,5,PTO-MDD,"PTO-MDD (LB=504, n1=0.1)",10.75,0.5984,2.99,42.64,47.44,0.2521,0.1952,0.2,0.055
0.2,0.3,5,PTO-MDD,"PTO-MDD (LB=504, n1=0.2)",9.69,0.553,2.93,42.97,47.79,0.2255,0.1973,0.2,0.0638
0.2,0.3,5,PTO-MDD,"PTO-MDD (LB=504, n1=0.3)",10.01,0.5668,2.95,42.97,47.79,0.233,0.1921,0.2,0.0648
0.2,0.3,5,PTO-MDD,"PTO-MDD (LB=504, n1=0.4)",10.1,0.573,2.92,42.97,47.79,0.235,0.1965,0.2,0.0636
0.2,0.3,5,PTO-MVO,PTO-MVO (LB=252),7.57,0.5024,2.61,35.63,38.78,0.2124,0.1522,0.2,0.0683
0.2,0.3,5,PTO-MVO,PTO-MVO (LB=504),6.09,0.4204,2.64,36.88,40.17,0.1652,0.1571,0.2,0.0471
0.2,0.3,5,Benchmark,EW,11.87,0.6531,3.02,38.73,42.74,0.3066,0.1,0.1,0.0327
0.2,0.3,5,Benchmark,GMV (LB=252),7.99,0.5277,2.59,34.49,37.5,0.2316,0.1502,0.2,0.0674
0.2,0.3,5,Benchmark,hist-MVO (LB=252),11.77,0.6978,2.74,32.82,35.86,0.3587,0.1628,0.2,0.2067
0.2,0.3,5,Benchmark,GMV (LB=504),6.84,0.4619,2.62,35.6,38.76,0.192,0.1553,0.2,0.0456
0.2,0.3,5,Benchmark,hist-MVO (LB=504),8.8,0.5511,2.74,32.05,34.81,0.2746,0.1607,0.2,0.1203
0.2,0.3,10,DFL-MDD,"DFL-MDD (LB=252, n1=0.1)",9.41,0.5844,2.69,38.0,41.63,0.2478,0.19,0.2,0.2114
0.2,0.3,10,DFL-MDD,"DFL-MDD (LB=252, n1=0.2)",8.97,0.5538,2.73,37.25,40.29,0.2408,0.1894,0.2,0.2382
0.2,0.3,10,DFL-MDD,"DFL-MDD (LB=252, n1=0.3)",10.26,0.6523,2.57,30.79,33.21,0.3334,0.1971,0.2,0.1409
0.2,0.3,10,DFL-MDD,"DFL-MDD (LB=252, n1=0.4)",9.32,0.583,2.67,32.75,35.64,0.2845,0.198,0.2,0.2597
0.2,0.3,10,DFL-MDD,"DFL-MDD (LB=504, n1=0.1)",10.8,0.6751,2.58,31.44,34.23,0.3434,0.1861,0.2,0.2584
0.2,0.3,10,DFL-MDD,"DFL-MDD (LB=504, n1=0.2)",9.89,0.6195,2.6,33.18,35.83,0.2981,0.1954,0.2,0.2321
0.2,0.3,10,DFL-MDD,"DFL-MDD (LB=504, n1=0.3)",8.27,0.5267,2.7,38.06,41.89,0.2173,0.1963,0.2,0.1469
0.2,0.3,10,DFL-MDD,"DFL-MDD (LB=504, n1=0.4)",6.75,0.4631,2.59,30.79,33.21,0.2191,0.1984,0.2,0.1583
0.2,0.3,10,DFL-MVO,DFL-MVO (LB=252),10.92,0.6381,2.8,36.06,39.47,0.3028,0.2,0.2,0.1303
0.2,0.3,10,DFL-MVO,DFL-MVO (LB=504),8.25,0.4988,2.96,37.52,41.29,0.2199,0.1999,0.2,0.1706
0.2,0.3,10,PTO-MDD,"PTO-MDD (LB=252, n1=0.1)",9.9,0.5745,2.85,42.27,47.07,0.2343,0.2,0.2,0.0464
0.2,0.3,10,PTO-MDD,"PTO-MDD (LB=252, n1=0.2)",10.13,0.585,2.86,42.27,47.07,0.2397,0.2,0.2,0.0463
0.2,0.3,10,PTO-MDD,"PTO-MDD (LB=252, n1=0.3)",10.09,0.5829,2.85,42.27,47.07,0.2386,0.1987,0.2,0.0468
0.2,0.3,10,PTO-MDD,"PTO-MDD (LB=252, n1=0.4)",10.08,0.5834,2.85,42.27,47.07,0.2385,0.1981,0.2,0.0513
0.2,0.3,10,PTO-MDD,"PTO-MDD (LB=504, n1=0.1)",10.71,0.5968,2.99,42.65,47.46,0.2512,0.1952,0.2,0.055
0.2,0.3,10,PTO-MDD,"PTO-MDD (LB=504, n1=0.2)",9.65,0.5511,2.93,42.99,47.81,0.2245,0.1973,0.2,0.0638
0.2,0.3,10,PTO-MDD,"PTO-MDD (LB=504, n1=0.3)",9.97,0.5649,2.95,42.99,47.81,0.2319,0.1921,0.2,0.0648
0.2,0.3,10,PTO-MDD,"PTO-MDD (LB=504, n1=0.4)",10.06,0.5711,2.92,42.99,47.81,0.2339,0.1965,0.2,0.0636
0.2,0.3,10,PTO-MVO,PTO-MVO (LB=252),7.52,0.5001,2.61,35.64,38.78,0.2112,0.1522,0.2,0.0683
0.2,0.3,10,PTO-MVO,PTO-MVO (LB=504),6.07,0.4188,2.64,36.89,40.18,0.1644,0.1571,0.2,0.0471
0.2,0.3,10,Benchmark,EW,11.85,0.6522,3.02,38.73,42.74,0.306,0.1,0.1,0.0327
0.2,0.3,10,Benchmark,GMV (LB=252),7.95,0.5254,2.59,34.49,37.5,0.2304,0.1502,0.2,0.0674
0.2,0.3,10,Benchmark,hist-MVO (LB=252),11.63,0.6912,2.74,32.82,35.86,0.3544,0.1628,0.2,0.2067
0.2,0.3,10,Benchmark,GMV (LB=504),6.81,0.4604,2.62,35.6,38.77,0.1912,0.1553,0.2,0.0456
0.2,0.3,10,Benchmark,hist-MVO (LB=504),8.72,0.5472,2.74,32.06,34.82,0.2721,0.1607,0.2,0.1203
0.2,0.3,20,DFL-MDD,"DFL-MDD (LB=252, n1=0.1)",9.14,0.5707,2.69,38.03,41.69,0.2403,0.19,0.2,0.2114
0.2,0.3,20,DFL-MDD,"DFL-MDD (LB=252, n1=0.2)",8.66,0.5387,2.73,37.29,40.32,0.2323,0.1894,0.2,0.2382
0.2,0.3,20,DFL-MDD,"DFL-MDD (LB=252, n1=0.3)",10.08,0.6426,2.57,30.79,33.21,0.3274,0.1971,0.2,0.1409
0.2,0.3,20,DFL-MDD,"DFL-MDD (LB=252, n1=0.4)",8.98,0.566,2.67,32.77,35.66,0.2739,0.198,0.2,0.2597
0.2,0.3,20,DFL-MDD,"DFL-MDD (LB=504, n1=0.1)",10.46,0.6576,2.58,31.47,34.26,0.3323,0.1861,0.2,0.2584
0.2,0.3,20,DFL-MDD,"DFL-MDD (LB=504, n1=0.2)",9.59,0.604,2.6,33.2,35.86,0.2887,0.1954,0.2,0.2321
0.2,0.3,20,DFL-MDD,"DFL-MDD (LB=504, n1=0.3)",8.08,0.5172,2.7,38.15,42.02,0.2119,0.1963,0.2,0.1469
0.2,0.3,20,DFL-MDD,"DFL-MDD (LB=504, n1=0.4)",6.54,0.4522,2.59,30.79,33.21,0.2126,0.1984,0.2,0.1583
0.2,0.3,20,DFL-MVO,DFL-MVO (LB=252),10.75,0.63,2.8,36.06,39.47,0.298,0.2,0.2,0.1303
0.2,0.3,20,DFL-MVO,DFL-MVO (LB=504),8.03,0.4886,2.96,37.53,41.29,0.2141,0.1999,0.2,0.1706
0.2,0.3,20,PTO-MDD,"PTO-MDD (LB=252, n1=0.1)",9.84,0.5718,2.85,42.28,47.08,0.2328,0.2,0.2,0.0464
0.2,0.3,20,PTO-MDD,"PTO-MDD (LB=252, n1=0.2)",10.07,0.5823,2.86,42.28,47.08,0.2382,0.2,0.2,0.0463
0.2,0.3,20,PTO-MDD,"PTO-MDD (LB=252, n1=0.3)",10.02,0.5801,2.85,42.28,47.08,0.2371,0.1987,0.2,0.0468
0.2,0.3,20,PTO-MDD,"PTO-MDD (LB=252, n1=0.4)",10.02,0.5803,2.85,42.28,47.08,0.2369,0.1981,0.2,0.0513
0.2,0.3,20,PTO-MDD,"PTO-MDD (LB=504, n1=0.1)",10.64,0.5936,2.99,42.67,47.49,0.2494,0.1952,0.2,0.055
0.2,0.3,20,PTO-MDD,"PTO-MDD (LB=504, n1=0.2)",9.57,0.5474,2.93,43.02,47.86,0.2224,0.1973,0.2,0.0638
0.2,0.3,20,PTO-MDD,"PTO-MDD (LB=504, n1=0.3)",9.89,0.5612,2.95,43.02,47.86,0.2298,0.1921,0.2,0.0648
0.2,0.3,20,PTO-MDD,"PTO-MDD (LB=504, n1=0.4)",9.97,0.5674,2.92,43.02,47.86,0.2318,0.1965,0.2,0.0636
0.2,0.3,20,PTO-MVO,PTO-MVO (LB=252),7.44,0.4955,2.61,35.64,38.79,0.2087,0.1522,0.2,0.0683
0.2,0.3,20,PTO-MVO,PTO-MVO (LB=504),6.01,0.4157,2.64,36.9,40.19,0.1628,0.1571,0.2,0.0471
0.2,0.3,20,Benchmark,EW,11.81,0.6503,3.02,38.73,42.74,0.3049,0.1,0.1,0.0327
0.2,0.3,20,Benchmark,GMV (LB=252),7.86,0.5208,2.59,34.5,37.51,0.2278,0.1502,0.2,0.0674
0.2,0.3,20,Benchmark,hist-MVO (LB=252),11.36,0.6778,2.74,32.84,35.88,0.3459,0.1628,0.2,0.2067
0.2,0.3,20,Benchmark,GMV (LB=504),6.75,0.4573,2.62,35.6,38.77,0.1896,0.1553,0.2,0.0456
0.2,0.3,20,Benchmark,hist-MVO (LB=504),8.57,0.5394,2.74,32.07,34.83,0.2672,0.1607,0.2,0.1203
0.2,0.3,40,DFL-MDD,"DFL-MDD (LB=252, n1=0.1)",8.59,0.5432,2.69,38.11,41.81,0.2255,0.19,0.2,0.2114
0.2,0.3,40,DFL-MDD,"DFL-MDD (LB=252, n1=0.2)",8.05,0.5083,2.74,37.35,40.39,0.2154,0.1894,0.2,0.2382
0.2,0.3,40,DFL-MDD,"DFL-MDD (LB=252, n1=0.3)",9.71,0.6231,2.58,30.79,33.22,0.3154,0.1971,0.2,0.1409
0.2,0.3,40,DFL-MDD,"DFL-MDD (LB=252, n1=0.4)",8.31,0.532,2.67,32.83,35.7,0.253,0.198,0.2,0.2597
0.2,0.3,40,DFL-MDD,"DFL-MDD (LB=504, n1=0.1)",9.78,0.6224,2.59,31.52,34.31,0.3103,0.1861,0.2,0.2584
0.2,0.3,40,DFL-MDD,"DFL-MDD (LB=504, n1=0.2)",8.98,0.573,2.6,33.26,35.92,0.2701,0.1954,0.2,0.2321
0.2,0.3,40,DFL-MDD,"DFL-MDD (LB=504, n1=0.3)",7.71,0.4981,2.7,38.33,42.28,0.2011,0.1963,0.2,0.1469
0.2,0.3,40,DFL-MDD,"DFL-MDD (LB=504, n1=0.4)",6.14,0.4304,2.59,30.79,33.22,0.1996,0.1984,0.2,0.1583
0.2,0.3,40,DFL-MVO,DFL-MVO (LB=252),10.4,0.6137,2.8,36.06,39.47,0.2885,0.2,0.2,0.1303
0.2,0.3,40,DFL-MVO,DFL-MVO (LB=504),7.6,0.4681,2.96,37.53,41.29,0.2024,0.1999,0.2,0.1706
0.2,0.3,40,PTO-MDD,"PTO-MDD (LB=252, n1=0.1)",9.72,0.5662,2.85,42.29,47.11,0.2299,0.2,0.2,0.0464
0.2,0.3,40,PTO-MDD,"PTO-MDD (LB=252, n1=0.2)",9.95,0.5767,2.86,42.29,47.11,0.2353,0.2,0.2,0.0463
0.2,0.3,40,PTO-MDD,"PTO-MDD (LB=252, n1=0.3)",9.9,0.5746,2.85,42.29,47.11,0.2341,0.1987,0.2,0.0468
0.2,0.3,40,PTO-MDD,"PTO-MDD (LB=252, n1=0.4)",9.88,0.5742,2.85,42.29,47.11,0.2337,0.1981,0.2,0.0513
0.2,0.3,40,PTO-MDD,"PTO-MDD (LB=504, n1=0.1)",10.5,0.5873,2.99,42.71,47.56,0.2457,0.1952,0.2,0.055
0.2,0.3,40,PTO-MDD,"PTO-MDD (LB=504, n1=0.2)",9.4,0.5401,2.93,43.08,47.96,0.2182,0.1973,0.2,0.0638
0.2,0.3,40,PTO-MDD,"PTO-MDD (LB=504, n1=0.3)",9.72,0.5537,2.95,43.08,47.96,0.2256,0.1921,0.2,0.0648
0.2,0.3,40,PTO-MDD,"PTO-MDD (LB=504, n1=0.4)",9.81,0.56,2.92,43.08,47.96,0.2276,0.1965,0.2,0.0636
0.2,0.3,40,PTO-MVO,PTO-MVO (LB=252),7.26,0.4863,2.61,35.65,38.8,0.2037,0.1522,0.2,0.0683
0.2,0.3,40,PTO-MVO,PTO-MVO (LB=504),5.89,0.4095,2.64,36.91,40.22,0.1595,0.1571,0.2,0.0471
0.2,0.3,40,Benchmark,EW,11.72,0.6465,3.02,38.74,42.75,0.3026,0.1,0.1,0.0327
0.2,0.3,40,Benchmark,GMV (LB=252),7.69,0.5117,2.59,34.51,37.52,0.2227,0.1502,0.2,0.0674
0.2,0.3,40,Benchmark,hist-MVO (LB=252),10.81,0.6511,2.74,32.87,35.91,0.329,0.1628,0.2,0.2067
0.2,0.3,40,Benchmark,GMV (LB=504),6.63,0.4512,2.62,35.61,38.78,0.1863,0.1553,0.2,0.0456
0.2,0.3,40,Benchmark,hist-MVO (LB=504),8.26,0.5239,2.74,32.09,34.85,0.2574,0.1607,0.2,0.1203
0.2,0.5,0,DFL-MDD,"DFL-MDD (LB=252, n1=0.1)",11.53,0.7049,2.61,33.37,36.11,0.3456,0.1851,0.2,0.2156
0.2,0.5,0,DFL-MDD,"DFL-MDD (LB=252, n1=0.2)",9.33,0.5704,2.76,34.32,37.52,0.2719,0.192,0.2,0.2223
0.2,0.5,0,DFL-MDD,"DFL-MDD (LB=252, n1=0.3)",8.1,0.5111,2.72,38.78,42.7,0.209,0.1977,0.2,0.1917
0.2,0.5,0,DFL-MDD,"DFL-MDD (LB=252, n1=0.4)",10.15,0.6279,2.66,34.28,37.31,0.296,0.1988,0.2,0.1591
0.2,0.5,0,DFL-MDD,"DFL-MDD (LB=504, n1=0.1)",9.24,0.5807,2.69,33.47,36.19,0.2761,0.1862,0.2,0.2473
0.2,0.5,0,DFL-MDD,"DFL-MDD (LB=504, n1=0.2)",10.72,0.6563,2.63,33.15,35.8,0.3235,0.1945,0.2,0.2156
0.2,0.5,0,DFL-MDD,"DFL-MDD (LB=504, n1=0.3)",9.62,0.5892,2.74,33.65,36.51,0.2859,0.1961,0.2,0.2494
0.2,0.5,0,DFL-MDD,"DFL-MDD (LB=504, n1=0.4)",10.96,0.6756,2.57,33.31,36.02,0.3291,0.1981,0.2,0.1785
0.2,0.5,0,DFL-MVO,DFL-MVO (LB=252),9.24,0.5297,3.07,40.15,44.18,0.2301,0.2,0.2,0.2297
0.2,0.5,0,DFL-MVO,DFL-MVO (LB=504),8.64,0.5327,2.75,41.1,45.93,0.2102,0.2,0.2,0.2042
0.2,0.5,0,PTO-MDD,"PTO-MDD (LB=252, n1=0.1)",9.96,0.5773,2.85,42.26,47.06,0.2357,0.2,0.2,0.0464
0.2,0.5,0,PTO-MDD,"PTO-MDD (LB=252, n1=0.2)",10.19,0.5878,2.86,42.26,47.06,0.2412,0.2,0.2,0.0463
0.2,0.5,0,PTO-MDD,"PTO-MDD (LB=252, n1=0.3)",10.15,0.5857,2.85,42.26,47.06,0.2401,0.1987,0.2,0.0468
0.2,0.5,0,PTO-MDD,"PTO-MDD (LB=252, n1=0.4)",10.15,0.5865,2.85,42.26,47.06,0.2402,0.1981,0.2,0.0513
0.2,0.5,0,PTO-MDD,"PTO-MDD (LB=504, n1=0.1)",10.79,0.5999,2.99,42.63,47.42,0.253,0.1952,0.2,0.055
0.2,0.5,0,PTO-MDD,"PTO-MDD (LB=504, n1=0.2)",9.73,0.5548,2.93,42.96,47.76,0.2266,0.1973,0.2,0.0638
0.2,0.5,0,PTO-MDD,"PTO-MDD (LB=504, n1=0.3)",10.05,0.5687,2.95,42.96,47.76,0.2341,0.1921,0.2,0.0648
0.2,0.5,0,PTO-MDD,"PTO-MDD (LB=504, n1=0.4)",10.14,0.5748,2.92,42.96,47.76,0.236,0.1965,0.2,0.0636
0.2,0.5,0,PTO-MVO,PTO-MVO (LB=252),7.61,0.5047,2.61,35.63,38.78,0.2136,0.1522,0.2,0.0683
0.2,0.5,0,PTO-MVO,PTO-MVO (LB=504),6.12,0.4219,2.64,36.88,40.17,0.1661,0.1571,0.2,0.0471
0.2,0.5,0,Benchmark,EW,11.9,0.6541,3.02,38.73,42.74,0.3072,0.1,0.1,0.0327
0.2,0.5,0,Benchmark,GMV (LB=252),8.03,0.53,2.59,34.48,37.5,0.2329,0.1502,0.2,0.0674
0.2,0.5,0,Benchmark,hist-MVO (LB=252),11.91,0.7045,2.74,32.81,35.85,0.3629,0.1628,0.2,0.2067
0.2,0.5,0,Benchmark,GMV (LB=504),6.86,0.4634,2.62,35.6,38.76,0.1928,0.1553,0.2,0.0456
0.2,0.5,0,Benchmark,hist-MVO (LB=504),8.88,0.555,2.74,32.05,34.81,0.2771,0.1607,0.2,0.1203
0.2,0.5,5,DFL-MDD,"DFL-MDD (LB=252, n1=0.1)",11.39,0.6977,2.61,33.37,36.12,0.3413,0.1851,0.2,0.2156
0.2,0.5,5,DFL-MDD,"DFL-MDD (LB=252, n1=0.2)",9.19,0.5634,2.76,34.32,37.52,0.2677,0.192,0.2,0.2223
0.2,0.5,5,DFL-MDD,"DFL-MDD (LB=252, n1=0.3)",7.98,0.505,2.72,38.8,42.74,0.2057,0.1977,0.2,0.1917
0.2,0.5,5,DFL-MDD,"DFL-MDD (LB=252, n1=0.4)",10.04,0.6227,2.66,34.34,37.39,0.2925,0.1988,0.2,0.1591
0.2,0.5,5,DFL-MDD,"DFL-MDD (LB=504, n1=0.1)",9.08,0.5726,2.69,33.47,36.19,0.2713,0.1862,0.2,0.2473
0.2,0.5,5,DFL-MDD,"DFL-MDD (LB=504, n1=0.2)",10.58,0.6492,2.64,33.16,35.81,0.3191,0.1945,0.2,0.2156
0.2,0.5,5,DFL-MDD,"DFL-MDD (LB=504, n1=0.3)",9.46,0.5812,2.74,33.66,36.53,0.281,0.1961,0.2,0.2494
0.2,0.5,5,DFL-MDD,"DFL-MDD (LB=504, n1=0.4)",10.85,0.6696,2.57,33.31,36.02,0.3256,0.1981,0.2,0.1785
0.2,0.5,5,DFL-MVO,DFL-MVO (LB=252),9.09,0.5232,3.07,40.19,44.24,0.2261,0.2,0.2,0.2297
0.2,0.5,5,DFL-MVO,DFL-MVO (LB=504),8.51,0.5263,2.75,41.15,46.02,0.2067,0.2,0.2,0.2042
0.2,0.5,5,PTO-MDD,"PTO-MDD (LB=252, n1=0.1)",9.93,0.5759,2.85,42.27,47.07,0.235,0.2,0.2,0.0464
0.2,0.5,5,PTO-MDD,"PTO-MDD (LB=252, n1=0.2)",10.16,0.5864,2.86,42.27,47.07,0.2404,0.2,0.2,0.0463
0.2,0.5,5,PTO-MDD,"PTO-MDD (LB=252, n1=0.3)",10.12,0.5843,2.85,42.27,47.07,0.2393,0.1987,0.2,0.0468
0.2,0.5,5,PTO-MDD,"PTO-MDD (LB=252, n1=0.4)",10.12,0.5849,2.85,42.27,47.07,0.2393,0.1981,0.2,0.0513
0.2,0.5,5,PTO-MDD,"PTO-MDD (LB=504, n1=0.1)",10.75,0.5984,2.99,42.64,47.44,0.2521,0.1952,0.2,0.055
0.2,0.5,5,PTO-MDD,"PTO-MDD (LB=504, n1=0.2)",9.69,0.553,2.93,42.97,47.79,0.2255,0.1973,0.2,0.0638
0.2,0.5,5,PTO-MDD,"PTO-MDD (LB=504, n1=0.3)",10.01,0.5668,2.95,42.97,47.79,0.233,0.1921,0.2,0.0648
0.2,0.5,5,PTO-MDD,"PTO-MDD (LB=504, n1=0.4)",10.1,0.573,2.92,42.97,47.79,0.235,0.1965,0.2,0.0636
0.2,0.5,5,PTO-MVO,PTO-MVO (LB=252),7.57,0.5024,2.61,35.63,38.78,0.2124,0.1522,0.2,0.0683
0.2,0.5,5,PTO-MVO,PTO-MVO (LB=504),6.09,0.4204,2.64,36.88,40.17,0.1652,0.1571,0.2,0.0471
0.2,0.5,5,Benchmark,EW,11.87,0.6531,3.02,38.73,42.74,0.3066,0.1,0.1,0.0327
0.2,0.5,5,Benchmark,GMV (LB=252),7.99,0.5277,2.59,34.49,37.5,0.2316,0.1502,0.2,0.0674
0.2,0.5,5,Benchmark,hist-MVO (LB=252),11.77,0.6978,2.74,32.82,35.86,0.3587,0.1628,0.2,0.2067
0.2,0.5,5,Benchmark,GMV (LB=504),6.84,0.4619,2.62,35.6,38.76,0.192,0.1553,0.2,0.0456
0.2,0.5,5,Benchmark,hist-MVO (LB=504),8.8,0.5511,2.74,32.05,34.81,0.2746,0.1607,0.2,0.1203
0.2,0.5,10,DFL-MDD,"DFL-MDD (LB=252, n1=0.1)",11.25,0.6905,2.61,33.38,36.12,0.3369,0.1851,0.2,0.2156
0.2,0.5,10,DFL-MDD,"DFL-MDD (LB=252, n1=0.2)",9.04,0.5563,2.76,34.32,37.52,0.2635,0.192,0.2,0.2223
0.2,0.5,10,DFL-MDD,"DFL-MDD (LB=252, n1=0.3)",7.86,0.4989,2.72,38.83,42.79,0.2024,0.1977,0.2,0.1917
0.2,0.5,10,DFL-MDD,"DFL-MDD (LB=252, n1=0.4)",9.94,0.6174,2.66,34.39,37.47,0.289,0.1988,0.2,0.1591
0.2,0.5,10,DFL-MDD,"DFL-MDD (LB=504, n1=0.1)",8.92,0.5644,2.69,33.47,36.2,0.2665,0.1862,0.2,0.2473
0.2,0.5,10,DFL-MDD,"DFL-MDD (LB=504, n1=0.2)",10.44,0.6422,2.64,33.18,35.83,0.3147,0.1945,0.2,0.2156
0.2,0.5,10,DFL-MDD,"DFL-MDD (LB=504, n1=0.3)",9.3,0.5733,2.74,33.67,36.54,0.2761,0.1961,0.2,0.2494
0.2,0.5,10,DFL-MDD,"DFL-MDD (LB=504, n1=0.4)",10.73,0.6636,2.57,33.32,36.02,0.3221,0.1981,0.2,0.1785
0.2,0.5,10,DFL-MVO,DFL-MVO (LB=252),8.94,0.5166,3.07,40.23,44.31,0.2222,0.2,0.2,0.2297
0.2,0.5,10,DFL-MVO,DFL-MVO (LB=504),8.37,0.5199,2.75,41.2,46.1,0.2033,0.2,0.2,0.2042
0.2,0.5,10,PTO-MDD,"PTO-MDD (LB=252, n1=0.1)",9.9,0.5745,2.85,42.27,47.07,0.2343,0.2,0.2,0.0464
0.2,0.5,10,PTO-MDD,"PTO-MDD (LB=252, n1=0.2)",10.13,0.585,2.86,42.27,47.07,0.2397,0.2,0.2,0.0463
0.2,0.5,10,PTO-MDD,"PTO-MDD (LB=252, n1=0.3)",10.09,0.5829,2.85,42.27,47.07,0.2386,0.1987,0.2,0.0468
0.2,0.5,10,PTO-MDD,"PTO-MDD (LB=252, n1=0.4)",10.08,0.5834,2.85,42.27,47.07,0.2385,0.1981,0.2,0.0513
0.2,0.5,10,PTO-MDD,"PTO-MDD (LB=504, n1=0.1)",10.71,0.5968,2.99,42.65,47.46,0.2512,0.1952,0.2,0.055
0.2,0.5,10,PTO-MDD,"PTO-MDD (LB=504, n1=0.2)",9.65,0.5511,2.93,42.99,47.81,0.2245,0.1973,0.2,0.0638
0.2,0.5,10,PTO-MDD,"PTO-MDD (LB=504, n1=0.3)",9.97,0.5649,2.95,42.99,47.81,0.2319,0.1921,0.2,0.0648
0.2,0.5,10,PTO-MDD,"PTO-MDD (LB=504, n1=0.4)",10.06,0.5711,2.92,42.99,47.81,0.2339,0.1965,0.2,0.0636
0.2,0.5,10,PTO-MVO,PTO-MVO (LB=252),7.52,0.5001,2.61,35.64,38.78,0.2112,0.1522,0.2,0.0683
0.2,0.5,10,PTO-MVO,PTO-MVO (LB=504),6.07,0.4188,2.64,36.89,40.18,0.1644,0.1571,0.2,0.0471
0.2,0.5,10,Benchmark,EW,11.85,0.6522,3.02,38.73,42.74,0.306,0.1,0.1,0.0327
0.2,0.5,10,Benchmark,GMV (LB=252),7.95,0.5254,2.59,34.49,37.5,0.2304,0.1502,0.2,0.0674
0.2,0.5,10,Benchmark,hist-MVO (LB=252),11.63,0.6912,2.74,32.82,35.86,0.3544,0.1628,0.2,0.2067
0.2,0.5,10,Benchmark,GMV (LB=504),6.81,0.4604,2.62,35.6,38.77,0.1912,0.1553,0.2,0.0456
0.2,0.5,10,Benchmark,hist-MVO (LB=504),8.72,0.5472,2.74,32.06,34.82,0.2721,0.1607,0.2,0.1203
0.2,0.5,20,DFL-MDD,"DFL-MDD (LB=252, n1=0.1)",10.96,0.676,2.61,33.39,36.13,0.3283,0.1851,0.2,0.2156
0.2,0.5,20,DFL-MDD,"DFL-MDD (LB=252, n1=0.2)",8.76,0.5423,2.76,34.32,37.52,0.2551,0.192,0.2,0.2223
0.2,0.5,20,DFL-MDD,"DFL-MDD (LB=252, n1=0.3)",7.61,0.4867,2.72,38.89,42.87,0.1958,0.1977,0.2,0.1917
0.2,0.5,20,DFL-MDD,"DFL-MDD (LB=252, n1=0.4)",9.73,0.6068,2.66,34.5,37.62,0.2821,0.1988,0.2,0.1591
0.2,0.5,20,DFL-MDD,"DFL-MDD (LB=504, n1=0.1)",8.6,0.548,2.69,33.48,36.2,0.2569,0.1862,0.2,0.2473
0.2,0.5,20,DFL-MDD,"DFL-MDD (LB=504, n1=0.2)",10.16,0.628,2.64,33.2,35.86,0.306,0.1945,0.2,0.2156
0.2,0.5,20,DFL-MDD,"DFL-MDD (LB=504, n1=0.3)",8.97,0.5573,2.74,33.7,36.57,0.2663,0.1961,0.2,0.2494
0.2,0.5,20,DFL-MDD,"DFL-MDD (LB=504, n1=0.4)",10.5,0.6515,2.57,33.32,36.02,0.315,0.1981,0.2,0.1785
0.2,0.5,20,DFL-MVO,DFL-MVO (LB=252),8.64,0.5035,3.07,40.31,44.43,0.2144,0.2,0.2,0.2297
0.2,0.5,20,DFL-MVO,DFL-MVO (LB=504),8.11,0.5071,2.75,41.3,46.26,0.1964,0.2,0.2,0.2042
0.2,0.5,20,PTO-MDD,"PTO-MDD (LB=252, n1=0.1)",9.84,0.5718,2.85,42.28,47.08,0.2328,0.2,0.2,0.0464
0.2,0.5,20,PTO-MDD,"PTO-MDD (LB=252, n1=0.2)",10.07,0.5823,2.86,42.28,47.08,0.2382,0.2,0.2,0.0463
0.2,0.5,20,PTO-MDD,"PTO-MDD (LB=252, n1=0.3)",10.02,0.5801,2.85,42.28,47.08,0.2371,0.1987,0.2,0.0468
0.2,0.5,20,PTO-MDD,"PTO-MDD (LB=252, n1=0.4)",10.02,0.5803,2.85,42.28,47.08,0.2369,0.1981,0.2,0.0513
0.2,0.5,20,PTO-MDD,"PTO-MDD (LB=504, n1=0.1)",10.64,0.5936,2.99,42.67,47.49,0.2494,0.1952,0.2,0.055
0.2,0.5,20,PTO-MDD,"PTO-MDD (LB=504, n1=0.2)",9.57,0.5474,2.93,43.02,47.86,0.2224,0.1973,0.2,0.0638
0.2,0.5,20,PTO-MDD,"PTO-MDD (LB=504, n1=0.3)",9.89,0.5612,2.95,43.02,47.86,0.2298,0.1921,0.2,0.0648
0.2,0.5,20,PTO-MDD,"PTO-MDD (LB=504, n1=0.4)",9.97,0.5674,2.92,43.02,47.86,0.2318,0.1965,0.2,0.0636
0.2,0.5,20,PTO-MVO,PTO-MVO (LB=252),7.44,0.4955,2.61,35.64,38.79,0.2087,0.1522,0.2,0.0683
0.2,0.5,20,PTO-MVO,PTO-MVO (LB=504),6.01,0.4157,2.64,36.9,40.19,0.1628,0.1571,0.2,0.0471
0.2,0.5,20,Benchmark,EW,11.81,0.6503,3.02,38.73,42.74,0.3049,0.1,0.1,0.0327
0.2,0.5,20,Benchmark,GMV (LB=252),7.86,0.5208,2.59,34.5,37.51,0.2278,0.1502,0.2,0.0674
0.2,0.5,20,Benchmark,hist-MVO (LB=252),11.36,0.6778,2.74,32.84,35.88,0.3459,0.1628,0.2,0.2067
0.2,0.5,20,Benchmark,GMV (LB=504),6.75,0.4573,2.62,35.6,38.77,0.1896,0.1553,0.2,0.0456
0.2,0.5,20,Benchmark,hist-MVO (LB=504),8.57,0.5394,2.74,32.07,34.83,0.2672,0.1607,0.2,0.1203
0.2,0.5,40,DFL-MDD,"DFL-MDD (LB=252, n1=0.1)",10.39,0.6471,2.62,33.41,36.15,0.3111,0.1851,0.2,0.2156
0.2,0.5,40,DFL-MDD,"DFL-MDD (LB=252, n1=0.2)",8.18,0.514,2.76,34.32,37.52,0.2384,0.192,0.2,0.2223
0.2,0.5,40,DFL-MDD,"DFL-MDD (LB=252, n1=0.3)",7.12,0.4623,2.73,39.0,43.05,0.1827,0.1977,0.2,0.1917
0.2,0.5,40,DFL-MDD,"DFL-MDD (LB=252, n1=0.4)",9.32,0.5857,2.66,34.71,37.94,0.2684,0.1988,0.2,0.1591
0.2,0.5,40,DFL-MDD,"DFL-MDD (LB=504, n1=0.1)",7.96,0.5153,2.69,33.49,36.21,0.2378,0.1862,0.2,0.2473
0.2,0.5,40,DFL-MDD,"DFL-MDD (LB=504, n1=0.2)",9.6,0.5997,2.64,33.26,35.92,0.2885,0.1945,0.2,0.2156
0.2,0.5,40,DFL-MDD,"DFL-MDD (LB=504, n1=0.3)",8.33,0.5253,2.74,33.75,36.63,0.2467,0.1961,0.2,0.2494
0.2,0.5,40,DFL-MDD,"DFL-MDD (LB=504, n1=0.4)",10.03,0.6274,2.58,33.32,36.02,0.301,0.1981,0.2,0.1785
0.2,0.5,40,DFL-MVO,DFL-MVO (LB=252),8.05,0.4771,3.08,40.46,44.68,0.199,0.2,0.2,0.2297
0.2,0.5,40,DFL-MVO,DFL-MVO (LB=504),7.59,0.4814,2.75,41.5,46.58,0.1828,0.2,0.2,0.2042
0.2,0.5,40,PTO-MDD,"PTO-MDD (LB=252, n1=0.1)",9.72,0.5662,2.85,42.29,47.11,0.2299,0.2,0.2,0.0464
0.2,0.5,40,PTO-MDD,"PTO-MDD (LB=252, n1=0.2)",9.95,0.5767,2.86,42.29,47.11,0.2353,0.2,0.2,0.0463
0.2,0.5,40,PTO-MDD,"PTO-MDD (LB=252, n1=0.3)",9.9,0.5746,2.85,42.29,47.11,0.2341,0.1987,0.2,0.0468
0.2,0.5,40,PTO-MDD,"PTO-MDD (LB=252, n1=0.4)",9.88,0.5742,2.85,42.29,47.11,0.2337,0.1981,0.2,0.0513
0.2,0.5,40,PTO-MDD,"PTO-MDD (LB=504, n1=0.1)",10.5,0.5873,2.99,42.71,47.56,0.2457,0.1952,0.2,0.055
0.2,0.5,40,PTO-MDD,"PTO-MDD (LB=504, n1=0.2)",9.4,0.5401,2.93,43.08,47.96,0.2182,0.1973,0.2,0.0638
0.2,0.5,40,PTO-MDD,"PTO-MDD (LB=504, n1=0.3)",9.72,0.5537,2.95,43.08,47.96,0.2256,0.1921,0.2,0.0648
0.2,0.5,40,PTO-MDD,"PTO-MDD (LB=504, n1=0.4)",9.81,0.56,2.92,43.08,47.96,0.2276,0.1965,0.2,0.0636
0.2,0.5,40,PTO-MVO,PTO-MVO (LB=252),7.26,0.4863,2.61,35.65,38.8,0.2037,0.1522,0.2,0.0683
0.2,0.5,40,PTO-MVO,PTO-MVO (LB=504),5.89,0.4095,2.64,36.91,40.22,0.1595,0.1571,0.2,0.0471
0.2,0.5,40,Benchmark,EW,11.72,0.6465,3.02,38.74,42.75,0.3026,0.1,0.1,0.0327
0.2,0.5,40,Benchmark,GMV (LB=252),7.69,0.5117,2.59,34.51,37.52,0.2227,0.1502,0.2,0.0674
0.2,0.5,40,Benchmark,hist-MVO (LB=252),10.81,0.6511,2.74,32.87,35.91,0.329,0.1628,0.2,0.2067
0.2,0.5,40,Benchmark,GMV (LB=504),6.63,0.4512,2.62,35.61,38.78,0.1863,0.1553,0.2,0.0456
0.2,0.5,40,Benchmark,hist-MVO (LB=504),8.26,0.5239,2.74,32.09,34.85,0.2574,0.1607,0.2,0.1203
0.2,0.7,0,DFL-MDD,"DFL-MDD (LB=252, n1=0.1)",9.05,0.5554,2.8,37.39,41.25,0.2421,0.1858,0.2,0.19
0.2,0.7,0,DFL-MDD,"DFL-MDD (LB=252, n1=0.2)",6.74,0.4296,2.92,40.35,44.73,0.167,0.1913,0.2,0.2199
0.2,0.7,0,DFL-MDD,"DFL-MDD (LB=252, n1=0.3)",8.5,0.5156,2.88,38.57,42.33,0.2205,0.1958,0.2,0.2199
0.2,0.7,0,DFL-MDD,"DFL-MDD (LB=252, n1=0.4)",13.21,0.7532,2.77,35.26,38.78,0.3747,0.1976,0.2,0.2263
0.2,0.7,0,DFL-MDD,"DFL-MDD (LB=504, n1=0.1)",11.12,0.6629,2.71,36.46,39.53,0.3051,0.1808,0.2,0.2714
0.2,0.7,0,DFL-MDD,"DFL-MDD (LB=504, n1=0.2)",9.19,0.5807,2.64,33.31,36.02,0.2759,0.1906,0.2,0.2512
0.2,0.7,0,DFL-MDD,"DFL-MDD (LB=504, n1=0.3)",10.81,0.6674,2.59,31.41,34.11,0.3441,0.193,0.2,0.2747
0.2,0.7,0,DFL-MDD,"DFL-MDD (LB=504, n1=0.4)",9.6,0.5811,2.79,34.84,38.02,0.2757,0.1967,0.2,0.3128
0.2,0.7,0,DFL-MVO,DFL-MVO (LB=252),10.37,0.6269,2.72,35.14,38.34,0.295,0.2,0.2,0.1611
0.2,0.7,0,DFL-MVO,DFL-MVO (LB=504),9.95,0.5781,2.88,37.4,40.74,0.2659,0.2,0.2,0.2491
0.2,0.7,0,PTO-MDD,"PTO-MDD (LB=252, n1=0.1)",9.96,0.5773,2.85,42.26,47.06,0.2357,0.2,0.2,0.0464
0.2,0.7,0,PTO-MDD,"PTO-MDD (LB=252, n1=0.2)",10.19,0.5878,2.86,42.26,47.06,0.2412,0.2,0.2,0.0463
0.2,0.7,0,PTO-MDD,"PTO-MDD (LB=252, n1=0.3)",10.15,0.5857,2.85,42.26,47.06,0.2401,0.1987,0.2,0.0468
0.2,0.7,0,PTO-MDD,"PTO-MDD (LB=252, n1=0.4)",10.15,0.5865,2.85,42.26,47.06,0.2402,0.1981,0.2,0.0513
0.2,0.7,0,PTO-MDD,"PTO-MDD (LB=504, n1=0.1)",10.79,0.5999,2.99,42.63,47.42,0.253,0.1952,0.2,0.055
0.2,0.7,0,PTO-MDD,"PTO-MDD (LB=504, n1=0.2)",9.73,0.5548,2.93,42.96,47.76,0.2266,0.1973,0.2,0.0638
0.2,0.7,0,PTO-MDD,"PTO-MDD (LB=504, n1=0.3)",10.05,0.5687,2.95,42.96,47.76,0.2341,0.1921,0.2,0.0648
0.2,0.7,0,PTO-MDD,"PTO-MDD (LB=504, n1=0.4)",10.14,0.5748,2.92,42.96,47.76,0.236,0.1965,0.2,0.0636
0.2,0.7,0,PTO-MVO,PTO-MVO (LB=252),7.61,0.5047,2.61,35.63,38.78,0.2136,0.1522,0.2,0.0683
0.2,0.7,0,PTO-MVO,PTO-MVO (LB=504),6.12,0.4219,2.64,36.88,40.17,0.1661,0.1571,0.2,0.0471
0.2,0.7,0,Benchmark,EW,11.9,0.6541,3.02,38.73,42.74,0.3072,0.1,0.1,0.0327
0.2,0.7,0,Benchmark,GMV (LB=252),8.03,0.53,2.59,34.48,37.5,0.2329,0.1502,0.2,0.0674
0.2,0.7,0,Benchmark,hist-MVO (LB=252),11.91,0.7045,2.74,32.81,35.85,0.3629,0.1628,0.2,0.2067
0.2,0.7,0,Benchmark,GMV (LB=504),6.86,0.4634,2.62,35.6,38.76,0.1928,0.1553,0.2,0.0456
0.2,0.7,0,Benchmark,hist-MVO (LB=504),8.88,0.555,2.74,32.05,34.81,0.2771,0.1607,0.2,0.1203
0.2,0.7,5,DFL-MDD,"DFL-MDD (LB=252, n1=0.1)",8.93,0.5495,2.8,37.4,41.26,0.2387,0.1858,0.2,0.19
0.2,0.7,5,DFL-MDD,"DFL-MDD (LB=252, n1=0.2)",6.6,0.423,2.92,40.37,44.76,0.1635,0.1913,0.2,0.2199
0.2,0.7,5,DFL-MDD,"DFL-MDD (LB=252, n1=0.3)",8.36,0.5089,2.88,38.58,42.34,0.2167,0.1958,0.2,0.2199
0.2,0.7,5,DFL-MDD,"DFL-MDD (LB=252, n1=0.4)",13.06,0.7461,2.77,35.27,38.79,0.3703,0.1976,0.2,0.2263
0.2,0.7,5,DFL-MDD,"DFL-MDD (LB=504, n1=0.1)",10.95,0.6541,2.71,36.49,39.58,0.3,0.1808,0.2,0.2714
0.2,0.7,5,DFL-MDD,"DFL-MDD (LB=504, n1=0.2)",9.03,0.5724,2.64,33.31,36.02,0.271,0.1906,0.2,0.2512
0.2,0.7,5,DFL-MDD,"DFL-MDD (LB=504, n1=0.3)",10.63,0.6583,2.59,31.41,34.11,0.3383,0.193,0.2,0.2747
0.2,0.7,5,DFL-MDD,"DFL-MDD (LB=504, n1=0.4)",9.4,0.5712,2.79,34.84,38.03,0.2698,0.1967,0.2,0.3128
0.2,0.7,5,DFL-MVO,DFL-MVO (LB=252),10.26,0.6217,2.72,35.14,38.34,0.292,0.2,0.2,0.1611
0.2,0.7,5,DFL-MVO,DFL-MVO (LB=504),9.78,0.5706,2.88,37.4,40.74,0.2616,0.2,0.2,0.2491
0.2,0.7,5,PTO-MDD,"PTO-MDD (LB=252, n1=0.1)",9.93,0.5759,2.85,42.27,47.07,0.235,0.2,0.2,0.0464
0.2,0.7,5,PTO-MDD,"PTO-MDD (LB=252, n1=0.2)",10.16,0.5864,2.86,42.27,47.07,0.2404,0.2,0.2,0.0463
0.2,0.7,5,PTO-MDD,"PTO-MDD (LB=252, n1=0.3)",10.12,0.5843,2.85,42.27,47.07,0.2393,0.1987,0.2,0.0468
0.2,0.7,5,PTO-MDD,"PTO-MDD (LB=252, n1=0.4)",10.12,0.5849,2.85,42.27,47.07,0.2393,0.1981,0.2,0.0513
0.2,0.7,5,PTO-MDD,"PTO-MDD (LB=504, n1=0.1)",10.75,0.5984,2.99,42.64,47.44,0.2521,0.1952,0.2,0.055
0.2,0.7,5,PTO-MDD,"PTO-MDD (LB=504, n1=0.2)",9.69,0.553,2.93,42.97,47.79,0.2255,0.1973,0.2,0.0638
0.2,0.7,5,PTO-MDD,"PTO-MDD (LB=504, n1=0.3)",10.01,0.5668,2.95,42.97,47.79,0.233,0.1921,0.2,0.0648
0.2,0.7,5,PTO-MDD,"PTO-MDD (LB=504, n1=0.4)",10.1,0.573,2.92,42.97,47.79,0.235,0.1965,0.2,0.0636
0.2,0.7,5,PTO-MVO,PTO-MVO (LB=252),7.57,0.5024,2.61,35.63,38.78,0.2124,0.1522,0.2,0.0683
0.2,0.7,5,PTO-MVO,PTO-MVO (LB=504),6.09,0.4204,2.64,36.88,40.17,0.1652,0.1571,0.2,0.0471
0.2,0.7,5,Benchmark,EW,11.87,0.6531,3.02,38.73,42.74,0.3066,0.1,0.1,0.0327
0.2,0.7,5,Benchmark,GMV (LB=252),7.99,0.5277,2.59,34.49,37.5,0.2316,0.1502,0.2,0.0674
0.2,0.7,5,Benchmark,hist-MVO (LB=252),11.77,0.6978,2.74,32.82,35.86,0.3587,0.1628,0.2,0.2067
0.2,0.7,5,Benchmark,GMV (LB=504),6.84,0.4619,2.62,35.6,38.76,0.192,0.1553,0.2,0.0456
0.2,0.7,5,Benchmark,hist-MVO (LB=504),8.8,0.5511,2.74,32.05,34.81,0.2746,0.1607,0.2,0.1203
0.2,0.7,10,DFL-MDD,"DFL-MDD (LB=252, n1=0.1)",8.81,0.5435,2.8,37.42,41.28,0.2354,0.1858,0.2,0.19
0.2,0.7,10,DFL-MDD,"DFL-MDD (LB=252, n1=0.2)",6.46,0.4164,2.92,40.39,44.8,0.16,0.1913,0.2,0.2199
0.2,0.7,10,DFL-MDD,"DFL-MDD (LB=252, n1=0.3)",8.22,0.5023,2.88,38.6,42.35,0.213,0.1958,0.2,0.2199
0.2,0.7,10,DFL-MDD,"DFL-MDD (LB=252, n1=0.4)",12.91,0.739,2.78,35.28,38.8,0.3658,0.1976,0.2,0.2263
0.2,0.7,10,DFL-MDD,"DFL-MDD (LB=504, n1=0.1)",10.77,0.6454,2.72,36.52,39.63,0.2948,0.1808,0.2,0.2714
0.2,0.7,10,DFL-MDD,"DFL-MDD (LB=504, n1=0.2)",8.87,0.5641,2.64,33.32,36.02,0.2661,0.1906,0.2,0.2512
0.2,0.7,10,DFL-MDD,"DFL-MDD (LB=504, n1=0.3)",10.44,0.6491,2.59,31.41,34.11,0.3326,0.193,0.2,0.2747
0.2,0.7,10,DFL-MDD,"DFL-MDD (LB=504, n1=0.4)",9.2,0.5614,2.79,34.85,38.04,0.2639,0.1967,0.2,0.3128
0.2,0.7,10,DFL-MVO,DFL-MVO (LB=252),10.16,0.6165,2.72,35.14,38.34,0.289,0.2,0.2,0.1611
0.2,0.7,10,DFL-MVO,DFL-MVO (LB=504),9.62,0.5631,2.88,37.4,40.74,0.2572,0.2,0.2,0.2491
0.2,0.7,10,PTO-MDD,"PTO-MDD (LB=252, n1=0.1)",9.9,0.5745,2.85,42.27,47.07,0.2343,0.2,0.2,0.0464
0.2,0.7,10,PTO-MDD,"PTO-MDD (LB=252, n1=0.2)",10.13,0.585,2.86,42.27,47.07,0.2397,0.2,0.2,0.0463
0.2,0.7,10,PTO-MDD,"PTO-MDD (LB=252, n1=0.3)",10.09,0.5829,2.85,42.27,47.07,0.2386,0.1987,0.2,0.0468
0.2,0.7,10,PTO-MDD,"PTO-MDD (LB=252, n1=0.4)",10.08,0.5834,2.85,42.27,47.07,0.2385,0.1981,0.2,0.0513
0.2,0.7,10,PTO-MDD,"PTO-MDD (LB=504, n1=0.1)",10.71,0.5968,2.99,42.65,47.46,0.2512,0.1952,0.2,0.055
0.2,0.7,10,PTO-MDD,"PTO-MDD (LB=504, n1=0.2)",9.65,0.5511,2.93,42.99,47.81,0.2245,0.1973,0.2,0.0638
0.2,0.7,10,PTO-MDD,"PTO-MDD (LB=504, n1=0.3)",9.97,0.5649,2.95,42.99,47.81,0.2319,0.1921,0.2,0.0648
0.2,0.7,10,PTO-MDD,"PTO-MDD (LB=504, n1=0.4)",10.06,0.5711,2.92,42.99,47.81,0.2339,0.1965,0.2,0.0636
0.2,0.7,10,PTO-MVO,PTO-MVO (LB=252),7.52,0.5001,2.61,35.64,38.78,0.2112,0.1522,0.2,0.0683
0.2,0.7,10,PTO-MVO,PTO-MVO (LB=504),6.07,0.4188,2.64,36.89,40.18,0.1644,0.1571,0.2,0.0471
0.2,0.7,10,Benchmark,EW,11.85,0.6522,3.02,38.73,42.74,0.306,0.1,0.1,0.0327
0.2,0.7,10,Benchmark,GMV (LB=252),7.95,0.5254,2.59,34.49,37.5,0.2304,0.1502,0.2,0.0674
0.2,0.7,10,Benchmark,hist-MVO (LB=252),11.63,0.6912,2.74,32.82,35.86,0.3544,0.1628,0.2,0.2067
0.2,0.7,10,Benchmark,GMV (LB=504),6.81,0.4604,2.62,35.6,38.77,0.1912,0.1553,0.2,0.0456
0.2,0.7,10,Benchmark,hist-MVO (LB=504),8.72,0.5472,2.74,32.06,34.82,0.2721,0.1607,0.2,0.1203
0.2,0.7,20,DFL-MDD,"DFL-MDD (LB=252, n1=0.1)",8.56,0.5315,2.8,37.44,41.3,0.2286,0.1858,0.2,0.19
0.2,0.7,20,DFL-MDD,"DFL-MDD (LB=252, n1=0.2)",6.18,0.4032,2.92,40.44,44.86,0.1529,0.1913,0.2,0.2199
0.2,0.7,20,DFL-MDD,"DFL-MDD (LB=252, n1=0.3)",7.94,0.4889,2.89,38.62,42.38,0.2055,0.1958,0.2,0.2199
0.2,0.7,20,DFL-MDD,"DFL-MDD (LB=252, n1=0.4)",12.61,0.7248,2.78,35.31,38.83,0.357,0.1976,0.2,0.2263
0.2,0.7,20,DFL-MDD,"DFL-MDD (LB=504, n1=0.1)",10.41,0.6279,2.72,36.59,39.73,0.2845,0.1808,0.2,0.2714
0.2,0.7,20,DFL-MDD,"DFL-MDD (LB=504, n1=0.2)",8.54,0.5473,2.64,33.32,36.02,0.2564,0.1906,0.2,0.2512
0.2,0.7,20,DFL-MDD,"DFL-MDD (LB=504, n1=0.3)",10.08,0.6307,2.6,31.41,34.11,0.3211,0.193,0.2,0.2747
0.2,0.7,20,DFL-MDD,"DFL-MDD (LB=504, n1=0.4)",8.79,0.5416,2.79,34.87,38.05,0.2522,0.1967,0.2,0.3128
0.2,0.7,20,DFL-MVO,DFL-MVO (LB=252),9.95,0.606,2.72,35.14,38.34,0.283,0.2,0.2,0.1611
0.2,0.7,20,DFL-MVO,DFL-MVO (LB=504),9.3,0.5482,2.88,37.4,40.75,0.2486,0.2,0.2,0.2491
0.2,0.7,20,PTO-MDD,"PTO-MDD (LB=252, n1=0.1)",9.84,0.5718,2.85,42.28,47.08,0.2328,0.2,0.2,0.0464
0.2,0.7,20,PTO-MDD,"PTO-MDD (LB=252, n1=0.2)",10.07,0.5823,2.86,42.28,47.08,0.2382,0.2,0.2,0.0463
0.2,0.7,20,PTO-MDD,"PTO-MDD (LB=252, n1=0.3)",10.02,0.5801,2.85,42.28,47.08,0.2371,0.1987,0.2,0.0468
0.2,0.7,20,PTO-MDD,"PTO-MDD (LB=252, n1=0.4)",10.02,0.5803,2.85,42.28,47.08,0.2369,0.1981,0.2,0.0513
0.2,0.7,20,PTO-MDD,"PTO-MDD (LB=504, n1=0.1)",10.64,0.5936,2.99,42.67,47.49,0.2494,0.1952,0.2,0.055
0.2,0.7,20,PTO-MDD,"PTO-MDD (LB=504, n1=0.2)",9.57,0.5474,2.93,43.02,47.86,0.2224,0.1973,0.2,0.0638
0.2,0.7,20,PTO-MDD,"PTO-MDD (LB=504, n1=0.3)",9.89,0.5612,2.95,43.02,47.86,0.2298,0.1921,0.2,0.0648
0.2,0.7,20,PTO-MDD,"PTO-MDD (LB=504, n1=0.4)",9.97,0.5674,2.92,43.02,47.86,0.2318,0.1965,0.2,0.0636
0.2,0.7,20,PTO-MVO,PTO-MVO (LB=252),7.44,0.4955,2.61,35.64,38.79,0.2087,0.1522,0.2,0.0683
0.2,0.7,20,PTO-MVO,PTO-MVO (LB=504),6.01,0.4157,2.64,36.9,40.19,0.1628,0.1571,0.2,0.0471
0.2,0.7,20,Benchmark,EW,11.81,0.6503,3.02,38.73,42.74,0.3049,0.1,0.1,0.0327
0.2,0.7,20,Benchmark,GMV (LB=252),7.86,0.5208,2.59,34.5,37.51,0.2278,0.1502,0.2,0.0674
0.2,0.7,20,Benchmark,hist-MVO (LB=252),11.36,0.6778,2.74,32.84,35.88,0.3459,0.1628,0.2,0.2067
0.2,0.7,20,Benchmark,GMV (LB=504),6.75,0.4573,2.62,35.6,38.77,0.1896,0.1553,0.2,0.0456
0.2,0.7,20,Benchmark,hist-MVO (LB=504),8.57,0.5394,2.74,32.07,34.83,0.2672,0.1607,0.2,0.1203
0.2,0.7,40,DFL-MDD,"DFL-MDD (LB=252, n1=0.1)",8.07,0.5074,2.8,37.5,41.35,0.2153,0.1858,0.2,0.19
0.2,0.7,40,DFL-MDD,"DFL-MDD (LB=252, n1=0.2)",5.63,0.3767,2.92,40.53,44.98,0.1389,0.1913,0.2,0.2199
0.2,0.7,40,DFL-MDD,"DFL-MDD (LB=252, n1=0.3)",7.37,0.4622,2.89,38.68,42.43,0.1907,0.1958,0.2,0.2199
0.2,0.7,40,DFL-MDD,"DFL-MDD (LB=252, n1=0.4)",12.0,0.6963,2.78,35.36,38.88,0.3393,0.1976,0.2,0.2263
0.2,0.7,40,DFL-MDD,"DFL-MDD (LB=504, n1=0.1)",9.7,0.5929,2.72,36.72,39.92,0.2642,0.1808,0.2,0.2714
0.2,0.7,40,DFL-MDD,"DFL-MDD (LB=504, n1=0.2)",7.9,0.5139,2.64,33.32,36.02,0.237,0.1906,0.2,0.2512
0.2,0.7,40,DFL-MDD,"DFL-MDD (LB=504, n1=0.3)",9.37,0.5938,2.6,31.41,34.11,0.2983,0.193,0.2,0.2747
0.2,0.7,40,DFL-MDD,"DFL-MDD (LB=504, n1=0.4)",7.99,0.5021,2.79,34.91,38.08,0.2288,0.1967,0.2,0.3128
0.2,0.7,40,DFL-MVO,DFL-MVO (LB=252),9.52,0.5851,2.72,35.14,38.35,0.271,0.2,0.2,0.1611
0.2,0.7,40,DFL-MVO,DFL-MVO (LB=504),8.65,0.5182,2.88,37.4,40.75,0.2313,0.2,0.2,0.2491
0.2,0.7,40,PTO-MDD,"PTO-MDD (LB=252, n1=0.1)",9.72,0.5662,2.85,42.29,47.11,0.2299,0.2,0.2,0.0464
0.2,0.7,40,PTO-MDD,"PTO-MDD (LB=252, n1=0.2)",9.95,0.5767,2.86,42.29,47.11,0.2353,0.2,0.2,0.0463
0.2,0.7,40,PTO-MDD,"PTO-MDD (LB=252, n1=0.3)",9.9,0.5746,2.85,42.29,47.11,0.2341,0.1987,0.2,0.0468
0.2,0.7,40,PTO-MDD,"PTO-MDD (LB=252, n1=0.4)",9.88,0.5742,2.85,42.29,47.11,0.2337,0.1981,0.2,0.0513
0.2,0.7,40,PTO-MDD,"PTO-MDD (LB=504, n1=0.1)",10.5,0.5873,2.99,42.71,47.56,0.2457,0.1952,0.2,0.055
0.2,0.7,40,PTO-MDD,"PTO-MDD (LB=504, n1=0.2)",9.4,0.5401,2.93,43.08,47.96,0.2182,0.1973,0.2,0.0638
0.2,0.7,40,PTO-MDD,"PTO-MDD (LB=504, n1=0.3)",9.72,0.5537,2.95,43.08,47.96,0.2256,0.1921,0.2,0.0648
0.2,0.7,40,PTO-MDD,"PTO-MDD (LB=504, n1=0.4)",9.81,0.56,2.92,43.08,47.96,0.2276,0.1965,0.2,0.0636
0.2,0.7,40,PTO-MVO,PTO-MVO (LB=252),7.26,0.4863,2.61,35.65,38.8,0.2037,0.1522,0.2,0.0683
0.2,0.7,40,PTO-MVO,PTO-MVO (LB=504),5.89,0.4095,2.64,36.91,40.22,0.1595,0.1571,0.2,0.0471
0.2,0.7,40,Benchmark,EW,11.72,0.6465,3.02,38.74,42.75,0.3026,0.1,0.1,0.0327
0.2,0.7,40,Benchmark,GMV (LB=252),7.69,0.5117,2.59,34.51,37.52,0.2227,0.1502,0.2,0.0674
0.2,0.7,40,Benchmark,hist-MVO (LB=252),10.81,0.6511,2.74,32.87,35.91,0.329,0.1628,0.2,0.2067
0.2,0.7,40,Benchmark,GMV (LB=504),6.63,0.4512,2.62,35.61,38.78,0.1863,0.1553,0.2,0.0456
0.2,0.7,40,Benchmark,hist-MVO (LB=504),8.26,0.5239,2.74,32.09,34.85,0.2574,0.1607,0.2,0.1203
0.2,1.0,0,DFL-MDD,"DFL-MDD (LB=252, n1=0.1)",13.41,0.7536,2.79,38.37,42.26,0.3495,0.1823,0.2,0.2949
0.2,1.0,0,DFL-MDD,"DFL-MDD (LB=252, n1=0.2)",14.19,0.788,2.86,36.7,39.99,0.3866,0.189,0.2,0.2072
0.2,1.0,0,DFL-MDD,"DFL-MDD (LB=252, n1=0.3)",7.22,0.428,3.32,42.12,46.89,0.1715,0.1954,0.2,0.1897
0.2,1.0,0,DFL-MDD,"DFL-MDD (LB=252, n1=0.4)",11.24,0.6399,2.87,37.59,41.23,0.2989,0.1959,0.2,0.2728
0.2,1.0,0,DFL-MDD,"DFL-MDD (LB=504, n1=0.1)",9.51,0.5649,2.83,42.51,47.92,0.2238,0.1805,0.2,0.286
0.2,1.0,0,DFL-MDD,"DFL-MDD (LB=504, n1=0.2)",10.9,0.6458,2.74,37.6,41.19,0.2899,0.1825,0.2,0.269
0.2,1.0,0,DFL-MDD,"DFL-MDD (LB=504, n1=0.3)",11.75,0.6708,2.77,30.86,33.42,0.3808,0.1918,0.2,0.2678
0.2,1.0,0,DFL-MDD,"DFL-MDD (LB=504, n1=0.4)",16.13,0.8429,2.95,33.05,36.31,0.4879,0.1965,0.2,0.3183
0.2,1.0,0,DFL-MVO,DFL-MVO (LB=252),9.05,0.5096,3.21,40.89,45.13,0.2212,0.2,0.2,0.2561
0.2,1.0,0,DFL-MVO,DFL-MVO (LB=504),14.32,0.7795,2.91,36.03,40.07,0.3974,0.2,0.2,0.2477
0.2,1.0,0,PTO-MDD,"PTO-MDD (LB=252, n1=0.1)",9.96,0.5773,2.85,42.26,47.06,0.2357,0.2,0.2,0.0464
0.2,1.0,0,PTO-MDD,"PTO-MDD (LB=252, n1=0.2)",10.19,0.5878,2.86,42.26,47.06,0.2412,0.2,0.2,0.0463
0.2,1.0,0,PTO-MDD,"PTO-MDD (LB=252, n1=0.3)",10.15,0.5857,2.85,42.26,47.06,0.2401,0.1987,0.2,0.0468
0.2,1.0,0,PTO-MDD,"PTO-MDD (LB=252, n1=0.4)",10.15,0.5865,2.85,42.26,47.06,0.2402,0.1981,0.2,0.0513
0.2,1.0,0,PTO-MDD,"PTO-MDD (LB=504, n1=0.1)",10.79,0.5999,2.99,42.63,47.42,0.253,0.1952,0.2,0.055
0.2,1.0,0,PTO-MDD,"PTO-MDD (LB=504, n1=0.2)",9.73,0.5548,2.93,42.96,47.76,0.2266,0.1973,0.2,0.0638
0.2,1.0,0,PTO-MDD,"PTO-MDD (LB=504, n1=0.3)",10.05,0.5687,2.95,42.96,47.76,0.2341,0.1921,0.2,0.0648
0.2,1.0,0,PTO-MDD,"PTO-MDD (LB=504, n1=0.4)",10.14,0.5748,2.92,42.96,47.76,0.236,0.1965,0.2,0.0636
0.2,1.0,0,PTO-MVO,PTO-MVO (LB=252),7.61,0.5047,2.61,35.63,38.78,0.2136,0.1522,0.2,0.0683
0.2,1.0,0,PTO-MVO,PTO-MVO (LB=504),6.12,0.4219,2.64,36.88,40.17,0.1661,0.1571,0.2,0.0471
0.2,1.0,0,Benchmark,EW,11.9,0.6541,3.02,38.73,42.74,0.3072,0.1,0.1,0.0327
0.2,1.0,0,Benchmark,GMV (LB=252),8.03,0.53,2.59,34.48,37.5,0.2329,0.1502,0.2,0.0674
0.2,1.0,0,Benchmark,hist-MVO (LB=252),11.91,0.7045,2.74,32.81,35.85,0.3629,0.1628,0.2,0.2067
0.2,1.0,0,Benchmark,GMV (LB=504),6.86,0.4634,2.62,35.6,38.76,0.1928,0.1553,0.2,0.0456
0.2,1.0,0,Benchmark,hist-MVO (LB=504),8.88,0.555,2.74,32.05,34.81,0.2771,0.1607,0.2,0.1203
0.2,1.0,5,DFL-MDD,"DFL-MDD (LB=252, n1=0.1)",13.21,0.7444,2.79,38.41,42.31,0.344,0.1823,0.2,0.2949
0.2,1.0,5,DFL-MDD,"DFL-MDD (LB=252, n1=0.2)",14.05,0.7815,2.86,36.71,40.0,0.3827,0.189,0.2,0.2072
0.2,1.0,5,DFL-MDD,"DFL-MDD (LB=252, n1=0.3)",7.1,0.4229,3.32,42.12,46.88,0.1686,0.1954,0.2,0.1897
0.2,1.0,5,DFL-MDD,"DFL-MDD (LB=252, n1=0.4)",11.06,0.6317,2.87,37.62,41.27,0.2938,0.1959,0.2,0.2728
0.2,1.0,5,DFL-MDD,"DFL-MDD (LB=504, n1=0.1)",9.33,0.5562,2.83,42.54,47.97,0.2193,0.1805,0.2,0.286
0.2,1.0,5,DFL-MDD,"DFL-MDD (LB=504, n1=0.2)",10.72,0.6373,2.74,37.62,41.23,0.285,0.1825,0.2,0.269
0.2,1.0,5,DFL-MDD,"DFL-MDD (LB=504, n1=0.3)",11.57,0.6625,2.77,30.86,33.42,0.3751,0.1918,0.2,0.2678
0.2,1.0,5,DFL-MDD,"DFL-MDD (LB=504, n1=0.4)",15.91,0.8335,2.95,33.05,36.3,0.4813,0.1965,0.2,0.3183
0.2,1.0,5,DFL-MVO,DFL-MVO (LB=252),8.88,0.5025,3.21,40.89,45.13,0.2172,0.2,0.2,0.2561
0.2,1.0,5,DFL-MVO,DFL-MVO (LB=504),14.15,0.772,2.91,36.04,40.09,0.3926,0.2,0.2,0.2477
0.2,1.0,5,PTO-MDD,"PTO-MDD (LB=252, n1=0.1)",9.93,0.5759,2.85,42.27,47.07,0.235,0.2,0.2,0.0464
0.2,1.0,5,PTO-MDD,"PTO-MDD (LB=252, n1=0.2)",10.16,0.5864,2.86,42.27,47.07,0.2404,0.2,0.2,0.0463
0.2,1.0,5,PTO-MDD,"PTO-MDD (LB=252, n1=0.3)",10.12,0.5843,2.85,42.27,47.07,0.2393,0.1987,0.2,0.0468
0.2,1.0,5,PTO-MDD,"PTO-MDD (LB=252, n1=0.4)",10.12,0.5849,2.85,42.27,47.07,0.2393,0.1981,0.2,0.0513
0.2,1.0,5,PTO-MDD,"PTO-MDD (LB=504, n1=0.1)",10.75,0.5984,2.99,42.64,47.44,0.2521,0.1952,0.2,0.055
0.2,1.0,5,PTO-MDD,"PTO-MDD (LB=504, n1=0.2)",9.69,0.553,2.93,42.97,47.79,0.2255,0.1973,0.2,0.0638
0.2,1.0,5,PTO-MDD,"PTO-MDD (LB=504, n1=0.3)",10.01,0.5668,2.95,42.97,47.79,0.233,0.1921,0.2,0.0648
0.2,1.0,5,PTO-MDD,"PTO-MDD (LB=504, n1=0.4)",10.1,0.573,2.92,42.97,47.79,0.235,0.1965,0.2,0.0636
0.2,1.0,5,PTO-MVO,PTO-MVO (LB=252),7.57,0.5024,2.61,35.63,38.78,0.2124,0.1522,0.2,0.0683
0.2,1.0,5,PTO-MVO,PTO-MVO (LB=504),6.09,0.4204,2.64,36.88,40.17,0.1652,0.1571,0.2,0.0471
0.2,1.0,5,Benchmark,EW,11.87,0.6531,3.02,38.73,42.74,0.3066,0.1,0.1,0.0327
0.2,1.0,5,Benchmark,GMV (LB=252),7.99,0.5277,2.59,34.49,37.5,0.2316,0.1502,0.2,0.0674
0.2,1.0,5,Benchmark,hist-MVO (LB=252),11.77,0.6978,2.74,32.82,35.86,0.3587,0.1628,0.2,0.2067
0.2,1.0,5,Benchmark,GMV (LB=504),6.84,0.4619,2.62,35.6,38.76,0.192,0.1553,0.2,0.0456
0.2,1.0,5,Benchmark,hist-MVO (LB=504),8.8,0.5511,2.74,32.05,34.81,0.2746,0.1607,0.2,0.1203
0.2,1.0,10,DFL-MDD,"DFL-MDD (LB=252, n1=0.1)",13.01,0.7352,2.79,38.45,42.37,0.3385,0.1823,0.2,0.2949
0.2,1.0,10,DFL-MDD,"DFL-MDD (LB=252, n1=0.2)",13.91,0.7751,2.86,36.72,40.01,0.3787,0.189,0.2,0.2072
0.2,1.0,10,DFL-MDD,"DFL-MDD (LB=252, n1=0.3)",6.98,0.4177,3.32,42.12,46.88,0.1658,0.1954,0.2,0.1897
0.2,1.0,10,DFL-MDD,"DFL-MDD (LB=252, n1=0.4)",10.88,0.6235,2.87,37.66,41.31,0.2888,0.1959,0.2,0.2728
0.2,1.0,10,DFL-MDD,"DFL-MDD (LB=504, n1=0.1)",9.14,0.5474,2.83,42.57,48.01,0.2148,0.1805,0.2,0.286
0.2,1.0,10,DFL-MDD,"DFL-MDD (LB=504, n1=0.2)",10.55,0.6288,2.74,37.65,41.27,0.2801,0.1825,0.2,0.269
0.2,1.0,10,DFL-MDD,"DFL-MDD (LB=504, n1=0.3)",11.4,0.6543,2.77,30.86,33.42,0.3693,0.1918,0.2,0.2678
0.2,1.0,10,DFL-MDD,"DFL-MDD (LB=504, n1=0.4)",15.69,0.8241,2.95,33.05,36.3,0.4746,0.1965,0.2,0.3183
0.2,1.0,10,DFL-MVO,DFL-MVO (LB=252),8.71,0.4955,3.21,40.89,45.13,0.2131,0.2,0.2,0.2561
0.2,1.0,10,DFL-MVO,DFL-MVO (LB=504),13.98,0.7646,2.91,36.06,40.1,0.3878,0.2,0.2,0.2477
0.2,1.0,10,PTO-MDD,"PTO-MDD (LB=252, n1=0.1)",9.9,0.5745,2.85,42.27,47.07,0.2343,0.2,0.2,0.0464
0.2,1.0,10,PTO-MDD,"PTO-MDD (LB=252, n1=0.2)",10.13,0.585,2.86,42.27,47.07,0.2397,0.2,0.2,0.0463
0.2,1.0,10,PTO-MDD,"PTO-MDD (LB=252, n1=0.3)",10.09,0.5829,2.85,42.27,47.07,0.2386,0.1987,0.2,0.0468
0.2,1.0,10,PTO-MDD,"PTO-MDD (LB=252, n1=0.4)",10.08,0.5834,2.85,42.27,47.07,0.2385,0.1981,0.2,0.0513
0.2,1.0,10,PTO-MDD,"PTO-MDD (LB=504, n1=0.1)",10.71,0.5968,2.99,42.65,47.46,0.2512,0.1952,0.2,0.055
0.2,1.0,10,PTO-MDD,"PTO-MDD (LB=504, n1=0.2)",9.65,0.5511,2.93,42.99,47.81,0.2245,0.1973,0.2,0.0638
0.2,1.0,10,PTO-MDD,"PTO-MDD (LB=504, n1=0.3)",9.97,0.5649,2.95,42.99,47.81,0.2319,0.1921,0.2,0.0648
0.2,1.0,10,PTO-MDD,"PTO-MDD (LB=504, n1=0.4)",10.06,0.5711,2.92,42.99,47.81,0.2339,0.1965,0.2,0.0636
0.2,1.0,10,PTO-MVO,PTO-MVO (LB=252),7.52,0.5001,2.61,35.64,38.78,0.2112,0.1522,0.2,0.0683
0.2,1.0,10,PTO-MVO,PTO-MVO (LB=504),6.07,0.4188,2.64,36.89,40.18,0.1644,0.1571,0.2,0.0471
0.2,1.0,10,Benchmark,EW,11.85,0.6522,3.02,38.73,42.74,0.306,0.1,0.1,0.0327
0.2,1.0,10,Benchmark,GMV (LB=252),7.95,0.5254,2.59,34.49,37.5,0.2304,0.1502,0.2,0.0674
0.2,1.0,10,Benchmark,hist-MVO (LB=252),11.63,0.6912,2.74,32.82,35.86,0.3544,0.1628,0.2,0.2067
0.2,1.0,10,Benchmark,GMV (LB=504),6.81,0.4604,2.62,35.6,38.77,0.1912,0.1553,0.2,0.0456
0.2,1.0,10,Benchmark,hist-MVO (LB=504),8.72,0.5472,2.74,32.06,34.82,0.2721,0.1607,0.2,0.1203
0.2,1.0,20,DFL-MDD,"DFL-MDD (LB=252, n1=0.1)",12.62,0.7168,2.79,38.53,42.48,0.3275,0.1823,0.2,0.2949
0.2,1.0,20,DFL-MDD,"DFL-MDD (LB=252, n1=0.2)",13.63,0.7621,2.86,36.73,40.03,0.3709,0.189,0.2,0.2072
0.2,1.0,20,DFL-MDD,"DFL-MDD (LB=252, n1=0.3)",6.74,0.4075,3.32,42.13,46.88,0.16,0.1954,0.2,0.1897
0.2,1.0,20,DFL-MDD,"DFL-MDD (LB=252, n1=0.4)",10.52,0.6071,2.88,37.74,41.38,0.2787,0.1959,0.2,0.2728
0.2,1.0,20,DFL-MDD,"DFL-MDD (LB=504, n1=0.1)",8.77,0.5299,2.83,42.62,48.1,0.2058,0.1805,0.2,0.286
0.2,1.0,20,DFL-MDD,"DFL-MDD (LB=504, n1=0.2)",10.19,0.6117,2.74,37.7,41.35,0.2704,0.1825,0.2,0.269
0.2,1.0,20,DFL-MDD,"DFL-MDD (LB=504, n1=0.3)",11.04,0.6378,2.77,30.86,33.42,0.3579,0.1918,0.2,0.2678
0.2,1.0,20,DFL-MDD,"DFL-MDD (LB=504, n1=0.4)",15.25,0.8052,2.95,33.05,36.29,0.4614,0.1965,0.2,0.3183
0.2,1.0,20,DFL-MVO,DFL-MVO (LB=252),8.38,0.4814,3.21,40.89,45.13,0.205,0.2,0.2,0.2561
0.2,1.0,20,DFL-MVO,DFL-MVO (LB=504),13.65,0.7497,2.91,36.08,40.12,0.3783,0.2,0.2,0.2477
0.2,1.0,20,PTO-MDD,"PTO-MDD (LB=252, n1=0.1)",9.84,0.5718,2.85,42.28,47.08,0.2328,0.2,0.2,0.0464
0.2,1.0,20,PTO-MDD,"PTO-MDD (LB=252, n1=0.2)",10.07,0.5823,2.86,42.28,47.08,0.2382,0.2,0.2,0.0463
0.2,1.0,20,PTO-MDD,"PTO-MDD (LB=252, n1=0.3)",10.02,0.5801,2.85,42.28,47.08,0.2371,0.1987,0.2,0.0468
0.2,1.0,20,PTO-MDD,"PTO-MDD (LB=252, n1=0.4)",10.02,0.5803,2.85,42.28,47.08,0.2369,0.1981,0.2,0.0513
0.2,1.0,20,PTO-MDD,"PTO-MDD (LB=504, n1=0.1)",10.64,0.5936,2.99,42.67,47.49,0.2494,0.1952,0.2,0.055
0.2,1.0,20,PTO-MDD,"PTO-MDD (LB=504, n1=0.2)",9.57,0.5474,2.93,43.02,47.86,0.2224,0.1973,0.2,0.0638
0.2,1.0,20,PTO-MDD,"PTO-MDD (LB=504, n1=0.3)",9.89,0.5612,2.95,43.02,47.86,0.2298,0.1921,0.2,0.0648
0.2,1.0,20,PTO-MDD,"PTO-MDD (LB=504, n1=0.4)",9.97,0.5674,2.92,43.02,47.86,0.2318,0.1965,0.2,0.0636
0.2,1.0,20,PTO-MVO,PTO-MVO (LB=252),7.44,0.4955,2.61,35.64,38.79,0.2087,0.1522,0.2,0.0683
0.2,1.0,20,PTO-MVO,PTO-MVO (LB=504),6.01,0.4157,2.64,36.9,40.19,0.1628,0.1571,0.2,0.0471
0.2,1.0,20,Benchmark,EW,11.81,0.6503,3.02,38.73,42.74,0.3049,0.1,0.1,0.0327
0.2,1.0,20,Benchmark,GMV (LB=252),7.86,0.5208,2.59,34.5,37.51,0.2278,0.1502,0.2,0.0674
0.2,1.0,20,Benchmark,hist-MVO (LB=252),11.36,0.6778,2.74,32.84,35.88,0.3459,0.1628,0.2,0.2067
0.2,1.0,20,Benchmark,GMV (LB=504),6.75,0.4573,2.62,35.6,38.77,0.1896,0.1553,0.2,0.0456
0.2,1.0,20,Benchmark,hist-MVO (LB=504),8.57,0.5394,2.74,32.07,34.83,0.2672,0.1607,0.2,0.1203
0.2,1.0,40,DFL-MDD,"DFL-MDD (LB=252, n1=0.1)",11.83,0.6798,2.8,38.69,42.7,0.3058,0.1823,0.2,0.2949
0.2,1.0,40,DFL-MDD,"DFL-MDD (LB=252, n1=0.2)",13.07,0.7362,2.87,36.77,40.06,0.3554,0.189,0.2,0.2072
0.2,1.0,40,DFL-MDD,"DFL-MDD (LB=252, n1=0.3)",6.26,0.3869,3.32,42.22,46.86,0.1483,0.1954,0.2,0.1897
0.2,1.0,40,DFL-MDD,"DFL-MDD (LB=252, n1=0.4)",9.8,0.5741,2.88,37.89,41.53,0.2587,0.1959,0.2,0.2728
0.2,1.0,40,DFL-MDD,"DFL-MDD (LB=504, n1=0.1)",8.03,0.4948,2.83,42.73,48.27,0.188,0.1805,0.2,0.286
0.2,1.0,40,DFL-MDD,"DFL-MDD (LB=504, n1=0.2)",9.49,0.5775,2.75,37.81,41.5,0.251,0.1825,0.2,0.269
0.2,1.0,40,DFL-MDD,"DFL-MDD (LB=504, n1=0.3)",10.34,0.6048,2.78,30.86,33.42,0.335,0.1918,0.2,0.2678
0.2,1.0,40,DFL-MDD,"DFL-MDD (LB=504, n1=0.4)",14.38,0.7675,2.96,33.05,36.27,0.4351,0.1965,0.2,0.3183
0.2,1.0,40,DFL-MVO,DFL-MVO (LB=252),7.73,0.4531,3.21,40.89,45.13,0.1889,0.2,0.2,0.2561
0.2,1.0,40,DFL-MVO,DFL-MVO (LB=504),12.98,0.7197,2.91,36.13,40.17,0.3592,0.2,0.2,0.2477
0.2,1.0,40,PTO-MDD,"PTO-MDD (LB=252, n1=0.1)",9.72,0.5662,2.85,42.29,47.11,0.2299,0.2,0.2,0.0464
0.2,1.0,40,PTO-MDD,"PTO-MDD (LB=252, n1=0.2)",9.95,0.5767,2.86,42.29,47.11,0.2353,0.2,0.2,0.0463
0.2,1.0,40,PTO-MDD,"PTO-MDD (LB=252, n1=0.3)",9.9,0.5746,2.85,42.29,47.11,0.2341,0.1987,0.2,0.0468
0.2,1.0,40,PTO-MDD,"PTO-MDD (LB=252, n1=0.4)",9.88,0.5742,2.85,42.29,47.11,0.2337,0.1981,0.2,0.0513
0.2,1.0,40,PTO-MDD,"PTO-MDD (LB=504, n1=0.1)",10.5,0.5873,2.99,42.71,47.56,0.2457,0.1952,0.2,0.055
0.2,1.0,40,PTO-MDD,"PTO-MDD (LB=504, n1=0.2)",9.4,0.5401,2.93,43.08,47.96,0.2182,0.1973,0.2,0.0638
0.2,1.0,40,PTO-MDD,"PTO-MDD (LB=504, n1=0.3)",9.72,0.5537,2.95,43.08,47.96,0.2256,0.1921,0.2,0.0648
0.2,1.0,40,PTO-MDD,"PTO-MDD (LB=504, n1=0.4)",9.81,0.56,2.92,43.08,47.96,0.2276,0.1965,0.2,0.0636
0.2,1.0,40,PTO-MVO,PTO-MVO (LB=252),7.26,0.4863,2.61,35.65,38.8,0.2037,0.1522,0.2,0.0683
0.2,1.0,40,PTO-MVO,PTO-MVO (LB=504),5.89,0.4095,2.64,36.91,40.22,0.1595,0.1571,0.2,0.0471
0.2,1.0,40,Benchmark,EW,11.72,0.6465,3.02,38.74,42.75,0.3026,0.1,0.1,0.0327
0.2,1.0,40,Benchmark,GMV (LB=252),7.69,0.5117,2.59,34.51,37.52,0.2227,0.1502,0.2,0.0674
0.2,1.0,40,Benchmark,hist-MVO (LB=252),10.81,0.6511,2.74,32.87,35.91,0.329,0.1628,0.2,0.2067
0.2,1.0,40,Benchmark,GMV (LB=504),6.63,0.4512,2.62,35.61,38.78,0.1863,0.1553,0.2,0.0456
0.2,1.0,40,Benchmark,hist-MVO (LB=504),8.26,0.5239,2.74,32.09,34.85,0.2574,0.1607,0.2,0.1203
0.3,0.3,0,DFL-MDD,"DFL-MDD (LB=252, n1=0.1)",9.05,0.5869,2.5,32.77,35.36,0.2763,0.2651,0.3,0.2727
0.3,0.3,0,DFL-MDD,"DFL-MDD (LB=252, n1=0.2)",9.53,0.589,2.66,37.32,40.63,0.2554,0.2689,0.3,0.3243
0.3,0.3,0,DFL-MDD,"DFL-MDD (LB=252, n1=0.3)",6.79,0.4523,2.66,34.21,37.26,0.1984,0.2744,0.3,0.3742
0.3,0.3,0,DFL-MDD,"DFL-MDD (LB=252, n1=0.4)",10.27,0.6351,2.58,36.11,39.88,0.2843,0.2795,0.3,0.2287
0.3,0.3,0,DFL-MDD,"DFL-MDD (LB=504, n1=0.1)",8.76,0.5651,2.59,32.53,34.96,0.2692,0.2598,0.3,0.3206
0.3,0.3,0,DFL-MDD,"DFL-MDD (LB=504, n1=0.2)",7.86,0.5187,2.55,33.76,36.59,0.233,0.272,0.3,0.3627
0.3,0.3,0,DFL-MDD,"DFL-MDD (LB=504, n1=0.3)",10.48,0.659,2.47,34.44,37.18,0.3043,0.2732,0.3,0.2799
0.3,0.3,0,DFL-MDD,"DFL-MDD (LB=504, n1=0.4)",8.83,0.5741,2.52,33.13,35.68,0.2666,0.2794,0.3,0.2497
0.3,0.3,0,DFL-MVO,DFL-MVO (LB=252),10.97,0.6669,2.6,35.87,38.91,0.3058,0.28,0.3,0.1726
0.3,0.3,0,DFL-MVO,DFL-MVO (LB=504),10.41,0.6249,2.74,35.84,39.15,0.2905,0.28,0.3,0.3142
0.3,0.3,0,PTO-MDD,"PTO-MDD (LB=252, n1=0.1)",7.32,0.4331,3.14,49.95,58.12,0.1466,0.2788,0.3,0.0618
0.3,0.3,0,PTO-MDD,"PTO-MDD (LB=252, n1=0.2)",8.94,0.5028,3.1,49.95,58.13,0.179,0.2787,0.3,0.0574
0.3,0.3,0,PTO-MDD,"PTO-MDD (LB=252, n1=0.3)",8.67,0.4899,3.12,49.95,58.12,0.1735,0.2766,0.3,0.0631
0.3,0.3,0,PTO-MDD,"PTO-MDD (LB=252, n1=0.4)",8.87,0.5005,3.1,49.95,58.12,0.1775,0.2774,0.3,0.0609
0.3,0.3,0,PTO-MDD,"PTO-MDD (LB=504, n1=0.1)",10.95,0.5716,3.18,50.36,57.92,0.2174,0.2736,0.3,0.0677
0.3,0.3,0,PTO-MDD,"PTO-MDD (LB=504, n1=0.2)",10.99,0.574,3.17,50.15,57.53,0.219,0.2758,0.3,0.0739
0.3,0.3,0,PTO-MDD,"PTO-MDD (LB=504, n1=0.3)",10.29,0.5454,3.16,50.3,57.82,0.2046,0.274,0.3,0.0733
0.3,0.3,0,PTO-MDD,"PTO-MDD (LB=504, n1=0.4)",10.37,0.5496,3.17,50.15,57.53,0.2067,0.2738,0.3,0.072
0.3,0.3,0,PTO-MVO,PTO-MVO (LB=252),7.54,0.5038,2.57,36.02,39.18,0.2092,0.1828,0.3,0.0781
0.3,0.3,0,PTO-MVO,PTO-MVO (LB=504),5.73,0.4005,2.63,37.39,40.7,0.1533,0.1857,0.3,0.0544
0.3,0.3,0,Benchmark,EW,11.9,0.6541,3.02,38.73,42.74,0.3072,0.1,0.1,0.0327
0.3,0.3,0,Benchmark,GMV (LB=252),7.93,0.5278,2.56,34.8,37.82,0.228,0.1772,0.3,0.0781
0.3,0.3,0,Benchmark,hist-MVO (LB=252),11.9,0.7015,2.76,33.65,36.75,0.3538,0.2023,0.3,0.2447
0.3,0.3,0,Benchmark,GMV (LB=504),6.41,0.4389,2.61,36.14,39.3,0.1774,0.1837,0.2961,0.0531
0.3,0.3,0,Benchmark,hist-MVO (LB=504),7.9,0.505,2.74,32.87,35.67,0.2404,0.1947,0.3,0.1435
0.3,0.3,5,DFL-MDD,"DFL-MDD (LB=252, n1=0.1)",8.88,0.5776,2.5,32.79,35.38,0.2708,0.2651,0.3,0.2727
0.3,0.3,5,DFL-MDD,"DFL-MDD (LB=252, n1=0.2)",9.32,0.5785,2.66,37.34,40.65,0.2496,0.2689,0.3,0.3243
0.3,0.3,5,DFL-MDD,"DFL-MDD (LB=252, n1=0.3)",6.55,0.4401,2.66,34.22,37.27,0.1914,0.2744,0.3,0.3742
0.3,0.3,5,DFL-MDD,"DFL-MDD (LB=252, n1=0.4)",10.12,0.6275,2.58,36.13,39.9,0.28,0.2795,0.3,0.2287
0.3,0.3,5,DFL-MDD,"DFL-MDD (LB=504, n1=0.1)",8.55,0.5542,2.59,32.53,34.96,0.2628,0.2598,0.3,0.3206
0.3,0.3,5,DFL-MDD,"DFL-MDD (LB=504, n1=0.2)",7.63,0.5065,2.55,33.76,36.59,0.2261,0.272,0.3,0.3627
0.3,0.3,5,DFL-MDD,"DFL-MDD (LB=504, n1=0.3)",10.3,0.6494,2.47,34.45,37.19,0.2989,0.2732,0.3,0.2799
0.3,0.3,5,DFL-MDD,"DFL-MDD (LB=504, n1=0.4)",8.67,0.5655,2.53,33.13,35.68,0.2617,0.2794,0.3,0.2497
0.3,0.3,5,DFL-MVO,DFL-MVO (LB=252),10.86,0.6612,2.6,35.87,38.91,0.3026,0.28,0.3,0.1726
0.3,0.3,5,DFL-MVO,DFL-MVO (LB=504),10.21,0.6149,2.74,35.85,39.16,0.2847,0.28,0.3,0.3142
0.3,0.3,5,PTO-MDD,"PTO-MDD (LB=252, n1=0.1)",7.29,0.4314,3.14,49.96,58.14,0.1458,0.2788,0.3,0.0618
0.3,0.3,5,PTO-MDD,"PTO-MDD (LB=252, n1=0.2)",8.9,0.5012,3.1,49.96,58.14,0.1782,0.2787,0.3,0.0574
0.3,0.3,5,PTO-MDD,"PTO-MDD (LB=252, n1=0.3)",8.63,0.4882,3.12,49.96,58.14,0.1727,0.2766,0.3,0.0631
0.3,0.3,5,PTO-MDD,"PTO-MDD (LB=252, n1=0.4)",8.83,0.4989,3.1,49.96,58.14,0.1767,0.2774,0.3,0.0609
0.3,0.3,5,PTO-MDD,"PTO-MDD (LB=504, n1=0.1)",10.9,0.5698,3.18,50.37,57.94,0.2164,0.2736,0.3,0.0677
0.3,0.3,5,PTO-MDD,"PTO-MDD (LB=504, n1=0.2)",10.94,0.572,3.17,50.16,57.53,0.2181,0.2758,0.3,0.0739
0.3,0.3,5,PTO-MDD,"PTO-MDD (LB=504, n1=0.3)",10.25,0.5435,3.16,50.31,57.83,0.2036,0.274,0.3,0.0733
0.3,0.3,5,PTO-MDD,"PTO-MDD (LB=504, n1=0.4)",10.32,0.5477,3.17,50.16,57.53,0.2057,0.2738,0.3,0.072
0.3,0.3,5,PTO-MVO,PTO-MVO (LB=252),7.49,0.5012,2.57,36.03,39.19,0.2078,0.1828,0.3,0.0781
0.3,0.3,5,PTO-MVO,PTO-MVO (LB=504),5.7,0.3988,2.63,37.39,40.7,0.1524,0.1857,0.3,0.0544
0.3,0.3,5,Benchmark,EW,11.87,0.6531,3.02,38.73,42.74,0.3066,0.1,0.1,0.0327
0.3,0.3,5,Benchmark,GMV (LB=252),7.88,0.5251,2.56,34.8,37.82,0.2265,0.1772,0.3,0.0781
0.3,0.3,5,Benchmark,hist-MVO (LB=252),11.74,0.6937,2.76,33.66,36.76,0.3488,0.2023,0.3,0.2447
0.3,0.3,5,Benchmark,GMV (LB=504),6.38,0.4371,2.61,36.14,39.3,0.1765,0.1837,0.2961,0.0531
0.3,0.3,5,Benchmark,hist-MVO (LB=504),7.81,0.5004,2.74,32.87,35.68,0.2375,0.1947,0.3,0.1435
0.3,0.3,10,DFL-MDD,"DFL-MDD (LB=252, n1=0.1)",8.7,0.5683,2.5,32.8,35.39,0.2653,0.2651,0.3,0.2727
0.3,0.3,10,DFL-MDD,"DFL-MDD (LB=252, n1=0.2)",9.11,0.5681,2.66,37.36,40.67,0.2439,0.2689,0.3,0.3243
0.3,0.3,10,DFL-MDD,"DFL-MDD (LB=252, n1=0.3)",6.31,0.4279,2.66,34.24,37.28,0.1844,0.2744,0.3,0.3742
0.3,0.3,10,DFL-MDD,"DFL-MDD (LB=252, n1=0.4)",9.97,0.62,2.58,36.15,39.92,0.2757,0.2795,0.3,0.2287
0.3,0.3,10,DFL-MDD,"DFL-MDD (LB=504, n1=0.1)",8.34,0.5434,2.59,32.53,34.96,0.2565,0.2598,0.3,0.3206
0.3,0.3,10,DFL-MDD,"DFL-MDD (LB=504, n1=0.2)",7.4,0.4942,2.55,33.76,36.59,0.2192,0.272,0.3,0.3627
0.3,0.3,10,DFL-MDD,"DFL-MDD (LB=504, n1=0.3)",10.11,0.6399,2.47,34.46,37.2,0.2935,0.2732,0.3,0.2799
0.3,0.3,10,DFL-MDD,"DFL-MDD (LB=504, n1=0.4)",8.51,0.557,2.53,33.13,35.68,0.2568,0.2794,0.3,0.2497
0.3,0.3,10,DFL-MVO,DFL-MVO (LB=252),10.74,0.6556,2.6,35.87,38.91,0.2994,0.28,0.3,0.1726
0.3,0.3,10,DFL-MVO,DFL-MVO (LB=504),10.0,0.6049,2.74,35.86,39.16,0.2789,0.28,0.3,0.3142
0.3,0.3,10,PTO-MDD,"PTO-MDD (LB=252, n1=0.1)",7.25,0.4298,3.14,49.97,58.16,0.145,0.2788,0.3,0.0618
0.3,0.3,10,PTO-MDD,"PTO-MDD (LB=252, n1=0.2)",8.86,0.4997,3.1,49.97,58.16,0.1774,0.2787,0.3,0.0574
0.3,0.3,10,PTO-MDD,"PTO-MDD (LB=252, n1=0.3)",8.58,0.4864,3.12,49.97,58.16,0.1718,0.2766,0.3,0.0631
0.3,0.3,10,PTO-MDD,"PTO-MDD (LB=252, n1=0.4)",8.79,0.4972,3.1,49.97,58.16,0.1759,0.2774,0.3,0.0609
0.3,0.3,10,PTO-MDD,"PTO-MDD (LB=504, n1=0.1)",10.86,0.568,3.18,50.37,57.95,0.2155,0.2736,0.3,0.0677
0.3,0.3,10,PTO-MDD,"PTO-MDD (LB=504, n1=0.2)",10.89,0.5701,3.17,50.16,57.54,0.2171,0.2758,0.3,0.0739
0.3,0.3,10,PTO-MDD,"PTO-MDD (LB=504, n1=0.3)",10.2,0.5416,3.16,50.32,57.84,0.2027,0.274,0.3,0.0733
0.3,0.3,10,PTO-MDD,"PTO-MDD (LB=504, n1=0.4)",10.27,0.5458,3.17,50.16,57.54,0.2048,0.2738,0.3,0.072
0.3,0.3,10,PTO-MVO,PTO-MVO (LB=252),7.44,0.4985,2.57,36.03,39.19,0.2064,0.1828,0.3,0.0781
0.3,0.3,10,PTO-MVO,PTO-MVO (LB=504),5.66,0.397,2.63,37.4,40.7,0.1514,0.1857,0.3,0.0544
0.3,0.3,10,Benchmark,EW,11.85,0.6522,3.02,38.73,42.74,0.306,0.1,0.1,0.0327
0.3,0.3,10,Benchmark,GMV (LB=252),7.83,0.5225,2.56,34.81,37.83,0.2251,0.1772,0.3,0.0781
0.3,0.3,10,Benchmark,hist-MVO (LB=252),11.58,0.6858,2.76,33.67,36.77,0.3439,0.2023,0.3,0.2447
0.3,0.3,10,Benchmark,GMV (LB=504),6.35,0.4354,2.61,36.14,39.3,0.1756,0.1837,0.2961,0.0531
0.3,0.3,10,Benchmark,hist-MVO (LB=504),7.72,0.4958,2.74,32.88,35.68,0.2347,0.1947,0.3,0.1435
0.3,0.3,20,DFL-MDD,"DFL-MDD (LB=252, n1=0.1)",8.35,0.5496,2.5,32.83,35.42,0.2543,0.2651,0.3,0.2727
0.3,0.3,20,DFL-MDD,"DFL-MDD (LB=252, n1=0.2)",8.69,0.5471,2.66,37.39,40.7,0.2324,0.2689,0.3,0.3243
0.3,0.3,20,DFL-MDD,"DFL-MDD (LB=252, n1=0.3)",5.84,0.4034,2.66,34.37,37.47,0.1699,0.2744,0.3,0.3742
0.3,0.3,20,DFL-MDD,"DFL-MDD (LB=252, n1=0.4)",9.67,0.6049,2.59,36.19,39.96,0.2672,0.2795,0.3,0.2287
0.3,0.3,20,DFL-MDD,"DFL-MDD (LB=504, n1=0.1)",7.93,0.5217,2.59,32.53,34.96,0.2438,0.2598,0.3,0.3206
0.3,0.3,20,DFL-MDD,"DFL-MDD (LB=504, n1=0.2)",6.94,0.4697,2.56,33.76,36.59,0.2055,0.272,0.3,0.3627
0.3,0.3,20,DFL-MDD,"DFL-MDD (LB=504, n1=0.3)",9.75,0.6208,2.47,34.47,37.22,0.2828,0.2732,0.3,0.2799
0.3,0.3,20,DFL-MDD,"DFL-MDD (LB=504, n1=0.4)",8.19,0.54,2.53,33.13,35.68,0.2471,0.2794,0.3,0.2497
0.3,0.3,20,DFL-MVO,DFL-MVO (LB=252),10.51,0.6442,2.6,35.87,38.91,0.2931,0.28,0.3,0.1726
0.3,0.3,20,DFL-MVO,DFL-MVO (LB=504),9.59,0.5849,2.74,35.87,39.18,0.2674,0.28,0.3,0.3142
0.3,0.3,20,PTO-MDD,"PTO-MDD (LB=252, n1=0.1)",7.17,0.4264,3.14,49.98,58.19,0.1434,0.2788,0.3,0.0618
0.3,0.3,20,PTO-MDD,"PTO-MDD (LB=252, n1=0.2)",8.79,0.4965,3.1,49.98,58.19,0.1759,0.2787,0.3,0.0574
0.3,0.3,20,PTO-MDD,"PTO-MDD (LB=252, n1=0.3)",8.5,0.483,3.12,49.98,58.19,0.1701,0.2766,0.3,0.0631
0.3,0.3,20,PTO-MDD,"PTO-MDD (LB=252, n1=0.4)",8.71,0.4939,3.1,49.98,58.19,0.1743,0.2774,0.3,0.0609
0.3,0.3,20,PTO-MDD,"PTO-MDD (LB=504, n1=0.1)",10.77,0.5645,3.18,50.39,57.98,0.2137,0.2736,0.3,0.0677
0.3,0.3,20,PTO-MDD,"PTO-MDD (LB=504, n1=0.2)",10.79,0.5662,3.17,50.17,57.55,0.2151,0.2758,0.3,0.0739
0.3,0.3,20,PTO-MDD,"PTO-MDD (LB=504, n1=0.3)",10.1,0.5377,3.16,50.33,57.87,0.2007,0.274,0.3,0.0733
0.3,0.3,20,PTO-MDD,"PTO-MDD (LB=504, n1=0.4)",10.18,0.542,3.17,50.17,57.55,0.2029,0.2738,0.3,0.072
0.3,0.3,20,PTO-MVO,PTO-MVO (LB=252),7.34,0.4933,2.57,36.04,39.2,0.2036,0.1828,0.3,0.0781
0.3,0.3,20,PTO-MVO,PTO-MVO (LB=504),5.6,0.3934,2.63,37.4,40.71,0.1496,0.1857,0.3,0.0544
0.3,0.3,20,Benchmark,EW,11.81,0.6503,3.02,38.73,42.74,0.3049,0.1,0.1,0.0327
0.3,0.3,20,Benchmark,GMV (LB=252),7.73,0.5171,2.56,34.82,37.84,0.2221,0.1772,0.3,0.0781
0.3,0.3,20,Benchmark,hist-MVO (LB=252),11.25,0.6701,2.76,33.69,36.79,0.3341,0.2023,0.3,0.2447
0.3,0.3,20,Benchmark,GMV (LB=504),6.28,0.4318,2.61,36.15,39.31,0.1737,0.1837,0.2961,0.0531
0.3,0.3,20,Benchmark,hist-MVO (LB=504),7.53,0.4866,2.74,32.89,35.69,0.229,0.1947,0.3,0.1435
0.3,0.3,40,DFL-MDD,"DFL-MDD (LB=252, n1=0.1)",7.65,0.5122,2.5,32.9,35.48,0.2326,0.2651,0.3,0.2727
0.3,0.3,40,DFL-MDD,"DFL-MDD (LB=252, n1=0.2)",7.86,0.505,2.66,37.47,40.78,0.2097,0.2689,0.3,0.3243
0.3,0.3,40,DFL-MDD,"DFL-MDD (LB=252, n1=0.3)",4.9,0.3544,2.67,34.73,37.99,0.1412,0.2744,0.3,0.3742
0.3,0.3,40,DFL-MDD,"DFL-MDD (LB=252, n1=0.4)",9.07,0.5746,2.59,36.27,40.03,0.2502,0.2795,0.3,0.2287
0.3,0.3,40,DFL-MDD,"DFL-MDD (LB=504, n1=0.1)",7.11,0.4783,2.59,32.53,34.95,0.2186,0.2598,0.3,0.3206
0.3,0.3,40,DFL-MDD,"DFL-MDD (LB=504, n1=0.2)",6.02,0.4206,2.56,33.76,36.59,0.1783,0.272,0.3,0.3627
0.3,0.3,40,DFL-MDD,"DFL-MDD (LB=504, n1=0.3)",9.02,0.5826,2.47,34.5,37.25,0.2614,0.2732,0.3,0.2799
0.3,0.3,40,DFL-MDD,"DFL-MDD (LB=504, n1=0.4)",7.55,0.5058,2.53,33.13,35.68,0.2278,0.2794,0.3,0.2497
0.3,0.3,40,DFL-MVO,DFL-MVO (LB=252),10.06,0.6214,2.6,35.87,38.91,0.2805,0.28,0.3,0.1726
0.3,0.3,40,DFL-MVO,DFL-MVO (LB=504),8.78,0.5447,2.74,35.9,39.2,0.2445,0.28,0.3,0.3142
0.3,0.3,40,PTO-MDD,"PTO-MDD (LB=252, n1=0.1)",7.01,0.4197,3.14,50.02,58.25,0.1402,0.2788,0.3,0.0618
0.3,0.3,40,PTO-MDD,"PTO-MDD (LB=252, n1=0.2)",8.64,0.4902,3.1,50.02,58.25,0.1728,0.2787,0.3,0.0574
0.3,0.3,40,PTO-MDD,"PTO-MDD (LB=252, n1=0.3)",8.34,0.4761,3.12,50.02,58.25,0.1668,0.2766,0.3,0.0631
0.3,0.3,40,PTO-MDD,"PTO-MDD (LB=252, n1=0.4)",8.55,0.4872,3.1,50.02,58.25,0.171,0.2774,0.3,0.0609
0.3,0.3,40,PTO-MDD,"PTO-MDD (LB=504, n1=0.1)",10.59,0.5574,3.18,50.42,58.03,0.21,0.2736,0.3,0.0677
0.3,0.3,40,PTO-MDD,"PTO-MDD (LB=504, n1=0.2)",10.6,0.5584,3.17,50.18,57.58,0.2112,0.2758,0.3,0.0739
0.3,0.3,40,PTO-MDD,"PTO-MDD (LB=504, n1=0.3)",9.91,0.53,3.16,50.35,57.91,0.1968,0.274,0.3,0.0733
0.3,0.3,40,PTO-MDD,"PTO-MDD (LB=504, n1=0.4)",9.99,0.5344,3.17,50.18,57.58,0.199,0.2738,0.3,0.072
0.3,0.3,40,PTO-MVO,PTO-MVO (LB=252),7.14,0.4827,2.57,36.05,39.21,0.198,0.1828,0.3,0.0781
0.3,0.3,40,PTO-MVO,PTO-MVO (LB=504),5.46,0.3862,2.63,37.41,40.72,0.1459,0.1857,0.3,0.0544
0.3,0.3,40,Benchmark,EW,11.72,0.6465,3.02,38.74,42.75,0.3026,0.1,0.1,0.0327
0.3,0.3,40,Benchmark,GMV (LB=252),7.53,0.5065,2.56,34.83,37.85,0.2163,0.1772,0.3,0.0781
0.3,0.3,40,Benchmark,hist-MVO (LB=252),10.61,0.6386,2.76,33.73,36.83,0.3145,0.2023,0.3,0.2447
0.3,0.3,40,Benchmark,GMV (LB=504),6.14,0.4248,2.61,36.16,39.32,0.1699,0.1837,0.2961,0.0531
0.3,0.3,40,Benchmark,hist-MVO (LB=504),7.17,0.4681,2.74,32.91,35.72,0.2178,0.1947,0.3,0.1435
0.3,0.5,0,DFL-MDD,"DFL-MDD (LB=252, n1=0.1)",9.36,0.6024,2.54,33.61,36.55,0.2784,0.2605,0.3,0.3041
0.3,0.5,0,DFL-MDD,"DFL-MDD (LB=252, n1=0.2)",8.76,0.5602,2.59,34.14,36.91,0.2566,0.2675,0.3,0.2979
0.3,0.5,0,DFL-MDD,"DFL-MDD (LB=252, n1=0.3)",8.83,0.5655,2.62,30.72,33.11,0.2875,0.2736,0.3,0.2892
0.3,0.5,0,DFL-MDD,"DFL-MDD (LB=252, n1=0.4)",7.4,0.4791,2.67,37.49,40.62,0.1975,0.2788,0.3,0.2442
0.3,0.5,0,DFL-MDD,"DFL-MDD (LB=504, n1=0.1)",9.33,0.5873,2.62,34.41,37.83,0.2711,0.2515,0.3,0.3566
0.3,0.5,0,DFL-MDD,"DFL-MDD (LB=504, n1=0.2)",9.89,0.6233,2.51,33.76,36.59,0.2931,0.2677,0.3,0.3583
0.3,0.5,0,DFL-MDD,"DFL-MDD (LB=504, n1=0.3)",13.71,0.8152,2.53,35.26,38.09,0.3888,0.2742,0.3,0.3527
0.3,0.5,0,DFL-MDD,"DFL-MDD (LB=504, n1=0.4)",10.71,0.6733,2.57,30.2,32.74,0.3547,0.2768,0.3,0.2784
0.3,0.5,0,DFL-MVO,DFL-MVO (LB=252),9.49,0.5888,2.66,31.49,33.99,0.3012,0.28,0.3,0.2985
0.3,0.5,0,DFL-MVO,DFL-MVO (LB=504),11.27,0.6551,2.75,35.01,37.97,0.3219,0.28,0.3,0.2746
0.3,0.5,0,PTO-MDD,"PTO-MDD (LB=252, n1=0.1)",7.32,0.4331,3.14,49.95,58.12,0.1466,0.2788,0.3,0.0618
0.3,0.5,0,PTO-MDD,"PTO-MDD (LB=252, n1=0.2)",8.94,0.5028,3.1,49.95,58.13,0.179,0.2787,0.3,0.0574
0.3,0.5,0,PTO-MDD,"PTO-MDD (LB=252, n1=0.3)",8.67,0.4899,3.12,49.95,58.12,0.1735,0.2766,0.3,0.0631
0.3,0.5,0,PTO-MDD,"PTO-MDD (LB=252, n1=0.4)",8.87,0.5005,3.1,49.95,58.12,0.1775,0.2774,0.3,0.0609
0.3,0.5,0,PTO-MDD,"PTO-MDD (LB=504, n1=0.1)",10.95,0.5716,3.18,50.36,57.92,0.2174,0.2736,0.3,0.0677
0.3,0.5,0,PTO-MDD,"PTO-MDD (LB=504, n1=0.2)",10.99,0.574,3.17,50.15,57.53,0.219,0.2758,0.3,0.0739
0.3,0.5,0,PTO-MDD,"PTO-MDD (LB=504, n1=0.3)",10.29,0.5454,3.16,50.3,57.82,0.2046,0.274,0.3,0.0733
0.3,0.5,0,PTO-MDD,"PTO-MDD (LB=504, n1=0.4)",10.37,0.5496,3.17,50.15,57.53,0.2067,0.2738,0.3,0.072
0.3,0.5,0,PTO-MVO,PTO-MVO (LB=252),7.54,0.5038,2.57,36.02,39.18,0.2092,0.1828,0.3,0.0781
0.3,0.5,0,PTO-MVO,PTO-MVO (LB=504),5.73,0.4005,2.63,37.39,40.7,0.1533,0.1857,0.3,0.0544
0.3,0.5,0,Benchmark,EW,11.9,0.6541,3.02,38.73,42.74,0.3072,0.1,0.1,0.0327
0.3,0.5,0,Benchmark,GMV (LB=252),7.93,0.5278,2.56,34.8,37.82,0.228,0.1772,0.3,0.0781
0.3,0.5,0,Benchmark,hist-MVO (LB=252),11.9,0.7015,2.76,33.65,36.75,0.3538,0.2023,0.3,0.2447
0.3,0.5,0,Benchmark,GMV (LB=504),6.41,0.4389,2.61,36.14,39.3,0.1774,0.1837,0.2961,0.0531
0.3,0.5,0,Benchmark,hist-MVO (LB=504),7.9,0.505,2.74,32.87,35.67,0.2404,0.1947,0.3,0.1435
0.3,0.5,5,DFL-MDD,"DFL-MDD (LB=252, n1=0.1)",9.16,0.592,2.54,33.62,36.56,0.2724,0.2605,0.3,0.3041
0.3,0.5,5,DFL-MDD,"DFL-MDD (LB=252, n1=0.2)",8.57,0.5502,2.59,34.14,36.91,0.251,0.2675,0.3,0.2979
0.3,0.5,5,DFL-MDD,"DFL-MDD (LB=252, n1=0.3)",8.65,0.5559,2.62,30.72,33.11,0.2815,0.2736,0.3,0.2892
0.3,0.5,5,DFL-MDD,"DFL-MDD (LB=252, n1=0.4)",7.25,0.4712,2.68,37.5,40.64,0.1933,0.2788,0.3,0.2442
0.3,0.5,5,DFL-MDD,"DFL-MDD (LB=504, n1=0.1)",9.1,0.5755,2.62,34.49,37.94,0.2638,0.2515,0.3,0.3566
0.3,0.5,5,DFL-MDD,"DFL-MDD (LB=504, n1=0.2)",9.66,0.6113,2.51,33.76,36.59,0.2862,0.2677,0.3,0.3583
0.3,0.5,5,DFL-MDD,"DFL-MDD (LB=504, n1=0.3)",13.47,0.8034,2.53,35.26,38.09,0.382,0.2742,0.3,0.3527
0.3,0.5,5,DFL-MDD,"DFL-MDD (LB=504, n1=0.4)",10.53,0.6637,2.57,30.2,32.74,0.3486,0.2768,0.3,0.2784
0.3,0.5,5,DFL-MVO,DFL-MVO (LB=252),9.29,0.5791,2.66,31.49,33.99,0.295,0.28,0.3,0.2985
0.3,0.5,5,DFL-MVO,DFL-MVO (LB=504),11.09,0.6464,2.75,35.02,37.97,0.3167,0.28,0.3,0.2746
0.3,0.5,5,PTO-MDD,"PTO-MDD (LB=252, n1=0.1)",7.29,0.4314,3.14,49.96,58.14,0.1458,0.2788,0.3,0.0618
0.3,0.5,5,PTO-MDD,"PTO-MDD (LB=252, n1=0.2)",8.9,0.5012,3.1,49.96,58.14,0.1782,0.2787,0.3,0.0574
0.3,0.5,5,PTO-MDD,"PTO-MDD (LB=252, n1=0.3)",8.63,0.4882,3.12,49.96,58.14,0.1727,0.2766,0.3,0.0631
0.3,0.5,5,PTO-MDD,"PTO-MDD (LB=252, n1=0.4)",8.83,0.4989,3.1,49.96,58.14,0.1767,0.2774,0.3,0.0609
0.3,0.5,5,PTO-MDD,"PTO-MDD (LB=504, n1=0.1)",10.9,0.5698,3.18,50.37,57.94,0.2164,0.2736,0.3,0.0677
0.3,0.5,5,PTO-MDD,"PTO-MDD (LB=504, n1=0.2)",10.94,0.572,3.17,50.16,57.53,0.2181,0.2758,0.3,0.0739
0.3,0.5,5,PTO-MDD,"PTO-MDD (LB=504, n1=0.3)",10.25,0.5435,3.16,50.31,57.83,0.2036,0.274,0.3,0.0733
0.3,0.5,5,PTO-MDD,"PTO-MDD (LB=504, n1=0.4)",10.32,0.5477,3.17,50.16,57.53,0.2057,0.2738,0.3,0.072
0.3,0.5,5,PTO-MVO,PTO-MVO (LB=252),7.49,0.5012,2.57,36.03,39.19,0.2078,0.1828,0.3,0.0781
0.3,0.5,5,PTO-MVO,PTO-MVO (LB=504),5.7,0.3988,2.63,37.39,40.7,0.1524,0.1857,0.3,0.0544
0.3,0.5,5,Benchmark,EW,11.87,0.6531,3.02,38.73,42.74,0.3066,0.1,0.1,0.0327
0.3,0.5,5,Benchmark,GMV (LB=252),7.88,0.5251,2.56,34.8,37.82,0.2265,0.1772,0.3,0.0781
0.3,0.5,5,Benchmark,hist-MVO (LB=252),11.74,0.6937,2.76,33.66,36.76,0.3488,0.2023,0.3,0.2447
0.3,0.5,5,Benchmark,GMV (LB=504),6.38,0.4371,2.61,36.14,39.3,0.1765,0.1837,0.2961,0.0531
0.3,0.5,5,Benchmark,hist-MVO (LB=504),7.81,0.5004,2.74,32.87,35.68,0.2375,0.1947,0.3,0.1435
0.3,0.5,10,DFL-MDD,"DFL-MDD (LB=252, n1=0.1)",8.96,0.5816,2.54,33.64,36.58,0.2664,0.2605,0.3,0.3041
0.3,0.5,10,DFL-MDD,"DFL-MDD (LB=252, n1=0.2)",8.38,0.5403,2.59,34.15,36.92,0.2453,0.2675,0.3,0.2979
0.3,0.5,10,DFL-MDD,"DFL-MDD (LB=252, n1=0.3)",8.46,0.5462,2.62,30.72,33.11,0.2754,0.2736,0.3,0.2892
0.3,0.5,10,DFL-MDD,"DFL-MDD (LB=252, n1=0.4)",7.09,0.4634,2.68,37.52,40.66,0.189,0.2788,0.3,0.2442
0.3,0.5,10,DFL-MDD,"DFL-MDD (LB=504, n1=0.1)",8.87,0.5638,2.62,34.58,38.05,0.2564,0.2515,0.3,0.3566
0.3,0.5,10,DFL-MDD,"DFL-MDD (LB=504, n1=0.2)",9.43,0.5992,2.51,33.76,36.59,0.2793,0.2677,0.3,0.3583
0.3,0.5,10,DFL-MDD,"DFL-MDD (LB=504, n1=0.3)",13.23,0.7915,2.53,35.26,38.09,0.3753,0.2742,0.3,0.3527
0.3,0.5,10,DFL-MDD,"DFL-MDD (LB=504, n1=0.4)",10.35,0.6542,2.57,30.2,32.74,0.3426,0.2768,0.3,0.2784
0.3,0.5,10,DFL-MVO,DFL-MVO (LB=252),9.1,0.5693,2.66,31.49,33.99,0.2889,0.28,0.3,0.2985
0.3,0.5,10,DFL-MVO,DFL-MVO (LB=504),10.91,0.6378,2.75,35.02,37.98,0.3114,0.28,0.3,0.2746
0.3,0.5,10,PTO-MDD,"PTO-MDD (LB=252, n1=0.1)",7.25,0.4298,3.14,49.97,58.16,0.145,0.2788,0.3,0.0618
0.3,0.5,10,PTO-MDD,"PTO-MDD (LB=252, n1=0.2)",8.86,0.4997,3.1,49.97,58.16,0.1774,0.2787,0.3,0.0574
0.3,0.5,10,PTO-MDD,"PTO-MDD (LB=252, n1=0.3)",8.58,0.4864,3.12,49.97,58.16,0.1718,0.2766,0.3,0.0631
0.3,0.5,10,PTO-MDD,"PTO-MDD (LB=252, n1=0.4)",8.79,0.4972,3.1,49.97,58.16,0.1759,0.2774,0.3,0.0609
0.3,0.5,10,PTO-MDD,"PTO-MDD (LB=504, n1=0.1)",10.86,0.568,3.18,50.37,57.95,0.2155,0.2736,0.3,0.0677
0.3,0.5,10,PTO-MDD,"PTO-MDD (LB=504, n1=0.2)",10.89,0.5701,3.17,50.16,57.54,0.2171,0.2758,0.3,0.0739
0.3,0.5,10,PTO-MDD,"PTO-MDD (LB=504, n1=0.3)",10.2,0.5416,3.16,50.32,57.84,0.2027,0.274,0.3,0.0733
0.3,0.5,10,PTO-MDD,"PTO-MDD (LB=504, n1=0.4)",10.27,0.5458,3.17,50.16,57.54,0.2048,0.2738,0.3,0.072
0.3,0.5,10,PTO-MVO,PTO-MVO (LB=252),7.44,0.4985,2.57,36.03,39.19,0.2064,0.1828,0.3,0.0781
0.3,0.5,10,PTO-MVO,PTO-MVO (LB=504),5.66,0.397,2.63,37.4,40.7,0.1514,0.1857,0.3,0.0544
0.3,0.5,10,Benchmark,EW,11.85,0.6522,3.02,38.73,42.74,0.306,0.1,0.1,0.0327
0.3,0.5,10,Benchmark,GMV (LB=252),7.83,0.5225,2.56,34.81,37.83,0.2251,0.1772,0.3,0.0781
0.3,0.5,10,Benchmark,hist-MVO (LB=252),11.58,0.6858,2.76,33.67,36.77,0.3439,0.2023,0.3,0.2447
0.3,0.5,10,Benchmark,GMV (LB=504),6.35,0.4354,2.61,36.14,39.3,0.1756,0.1837,0.2961,0.0531
0.3,0.5,10,Benchmark,hist-MVO (LB=504),7.72,0.4958,2.74,32.88,35.68,0.2347,0.1947,0.3,0.1435
0.3,0.5,20,DFL-MDD,"DFL-MDD (LB=252, n1=0.1)",8.57,0.5609,2.54,33.68,36.61,0.2544,0.2605,0.3,0.3041
0.3,0.5,20,DFL-MDD,"DFL-MDD (LB=252, n1=0.2)",7.99,0.5205,2.59,34.16,36.93,0.234,0.2675,0.3,0.2979
0.3,0.5,20,DFL-MDD,"DFL-MDD (LB=252, n1=0.3)",8.09,0.5269,2.62,30.72,33.11,0.2633,0.2736,0.3,0.2892
0.3,0.5,20,DFL-MDD,"DFL-MDD (LB=252, n1=0.4)",6.78,0.4477,2.68,37.56,40.69,0.1806,0.2788,0.3,0.2442
0.3,0.5,20,DFL-MDD,"DFL-MDD (LB=504, n1=0.1)",8.41,0.5402,2.62,34.75,38.27,0.242,0.2515,0.3,0.3566
0.3,0.5,20,DFL-MDD,"DFL-MDD (LB=504, n1=0.2)",8.96,0.575,2.52,33.76,36.59,0.2655,0.2677,0.3,0.3583
0.3,0.5,20,DFL-MDD,"DFL-MDD (LB=504, n1=0.3)",12.76,0.7677,2.53,35.32,38.16,0.3612,0.2742,0.3,0.3527
0.3,0.5,20,DFL-MDD,"DFL-MDD (LB=504, n1=0.4)",9.98,0.6351,2.57,30.2,32.74,0.3305,0.2768,0.3,0.2784
0.3,0.5,20,DFL-MVO,DFL-MVO (LB=252),8.71,0.5497,2.66,31.49,33.99,0.2766,0.28,0.3,0.2985
0.3,0.5,20,DFL-MVO,DFL-MVO (LB=504),10.55,0.6205,2.76,35.04,37.99,0.301,0.28,0.3,0.2746
0.3,0.5,20,PTO-MDD,"PTO-MDD (LB=252, n1=0.1)",7.17,0.4264,3.14,49.98,58.19,0.1434,0.2788,0.3,0.0618
0.3,0.5,20,PTO-MDD,"PTO-MDD (LB=252, n1=0.2)",8.79,0.4965,3.1,49.98,58.19,0.1759,0.2787,0.3,0.0574
0.3,0.5,20,PTO-MDD,"PTO-MDD (LB=252, n1=0.3)",8.5,0.483,3.12,49.98,58.19,0.1701,0.2766,0.3,0.0631
0.3,0.5,20,PTO-MDD,"PTO-MDD (LB=252, n1=0.4)",8.71,0.4939,3.1,49.98,58.19,0.1743,0.2774,0.3,0.0609
0.3,0.5,20,PTO-MDD,"PTO-MDD (LB=504, n1=0.1)",10.77,0.5645,3.18,50.39,57.98,0.2137,0.2736,0.3,0.0677
0.3,0.5,20,PTO-MDD,"PTO-MDD (LB=504, n1=0.2)",10.79,0.5662,3.17,50.17,57.55,0.2151,0.2758,0.3,0.0739
0.3,0.5,20,PTO-MDD,"PTO-MDD (LB=504, n1=0.3)",10.1,0.5377,3.16,50.33,57.87,0.2007,0.274,0.3,0.0733
0.3,0.5,20,PTO-MDD,"PTO-MDD (LB=504, n1=0.4)",10.18,0.542,3.17,50.17,57.55,0.2029,0.2738,0.3,0.072
0.3,0.5,20,PTO-MVO,PTO-MVO (LB=252),7.34,0.4933,2.57,36.04,39.2,0.2036,0.1828,0.3,0.0781
0.3,0.5,20,PTO-MVO,PTO-MVO (LB=504),5.6,0.3934,2.63,37.4,40.71,0.1496,0.1857,0.3,0.0544
0.3,0.5,20,Benchmark,EW,11.81,0.6503,3.02,38.73,42.74,0.3049,0.1,0.1,0.0327
0.3,0.5,20,Benchmark,GMV (LB=252),7.73,0.5171,2.56,34.82,37.84,0.2221,0.1772,0.3,0.0781
0.3,0.5,20,Benchmark,hist-MVO (LB=252),11.25,0.6701,2.76,33.69,36.79,0.3341,0.2023,0.3,0.2447
0.3,0.5,20,Benchmark,GMV (LB=504),6.28,0.4318,2.61,36.15,39.31,0.1737,0.1837,0.2961,0.0531
0.3,0.5,20,Benchmark,hist-MVO (LB=504),7.53,0.4866,2.74,32.89,35.69,0.229,0.1947,0.3,0.1435
0.3,0.5,40,DFL-MDD,"DFL-MDD (LB=252, n1=0.1)",7.79,0.5192,2.54,33.75,36.68,0.2307,0.2605,0.3,0.3041
0.3,0.5,40,DFL-MDD,"DFL-MDD (LB=252, n1=0.2)",7.23,0.4807,2.6,34.19,36.96,0.2115,0.2675,0.3,0.2979
0.3,0.5,40,DFL-MDD,"DFL-MDD (LB=252, n1=0.3)",7.35,0.4881,2.62,30.72,33.11,0.2391,0.2736,0.3,0.2892
0.3,0.5,40,DFL-MDD,"DFL-MDD (LB=252, n1=0.4)",6.17,0.4162,2.68,37.64,40.77,0.1638,0.2788,0.3,0.2442
0.3,0.5,40,DFL-MDD,"DFL-MDD (LB=504, n1=0.1)",7.49,0.493,2.62,35.08,38.72,0.2135,0.2515,0.3,0.3566
0.3,0.5,40,DFL-MDD,"DFL-MDD (LB=504, n1=0.2)",8.04,0.5265,2.52,33.76,36.6,0.2381,0.2677,0.3,0.3583
0.3,0.5,40,DFL-MDD,"DFL-MDD (LB=504, n1=0.3)",11.82,0.72,2.54,35.45,38.36,0.3333,0.2742,0.3,0.3527
0.3,0.5,40,DFL-MDD,"DFL-MDD (LB=504, n1=0.4)",9.26,0.5969,2.57,30.21,32.74,0.3065,0.2768,0.3,0.2784
0.3,0.5,40,DFL-MVO,DFL-MVO (LB=252),7.94,0.5105,2.67,31.49,33.99,0.2522,0.28,0.3,0.2985
0.3,0.5,40,DFL-MVO,DFL-MVO (LB=504),9.83,0.5859,2.76,35.06,38.02,0.2802,0.28,0.3,0.2746
0.3,0.5,40,PTO-MDD,"PTO-MDD (LB=252, n1=0.1)",7.01,0.4197,3.14,50.02,58.25,0.1402,0.2788,0.3,0.0618
0.3,0.5,40,PTO-MDD,"PTO-MDD (LB=252, n1=0.2)",8.64,0.4902,3.1,50.02,58.25,0.1728,0.2787,0.3,0.0574
0.3,0.5,40,PTO-MDD,"PTO-MDD (LB=252, n1=0.3)",8.34,0.4761,3.12,50.02,58.25,0.1668,0.2766,0.3,0.0631
0.3,0.5,40,PTO-MDD,"PTO-MDD (LB=252, n1=0.4)",8.55,0.4872,3.1,50.02,58.25,0.171,0.2774,0.3,0.0609
0.3,0.5,40,PTO-MDD,"PTO-MDD (LB=504, n1=0.1)",10.59,0.5574,3.18,50.42,58.03,0.21,0.2736,0.3,0.0677
0.3,0.5,40,PTO-MDD,"PTO-MDD (LB=504, n1=0.2)",10.6,0.5584,3.17,50.18,57.58,0.2112,0.2758,0.3,0.0739
0.3,0.5,40,PTO-MDD,"PTO-MDD (LB=504, n1=0.3)",9.91,0.53,3.16,50.35,57.91,0.1968,0.274,0.3,0.0733
0.3,0.5,40,PTO-MDD,"PTO-MDD (LB=504, n1=0.4)",9.99,0.5344,3.17,50.18,57.58,0.199,0.2738,0.3,0.072
0.3,0.5,40,PTO-MVO,PTO-MVO (LB=252),7.14,0.4827,2.57,36.05,39.21,0.198,0.1828,0.3,0.0781
0.3,0.5,40,PTO-MVO,PTO-MVO (LB=504),5.46,0.3862,2.63,37.41,40.72,0.1459,0.1857,0.3,0.0544
0.3,0.5,40,Benchmark,EW,11.72,0.6465,3.02,38.74,42.75,0.3026,0.1,0.1,0.0327
0.3,0.5,40,Benchmark,GMV (LB=252),7.53,0.5065,2.56,34.83,37.85,0.2163,0.1772,0.3,0.0781
0.3,0.5,40,Benchmark,hist-MVO (LB=252),10.61,0.6386,2.76,33.73,36.83,0.3145,0.2023,0.3,0.2447
0.3,0.5,40,Benchmark,GMV (LB=504),6.14,0.4248,2.61,36.16,39.32,0.1699,0.1837,0.2961,0.0531
0.3,0.5,40,Benchmark,hist-MVO (LB=504),7.17,0.4681,2.74,32.91,35.72,0.2178,0.1947,0.3,0.1435
0.3,0.7,0,DFL-MDD,"DFL-MDD (LB=252, n1=0.1)",9.75,0.6177,2.55,32.88,35.4,0.2966,0.2481,0.3,0.3531
0.3,0.7,0,DFL-MDD,"DFL-MDD (LB=252, n1=0.2)",9.31,0.5934,2.57,31.71,34.19,0.2936,0.2577,0.3,0.4052
0.3,0.7,0,DFL-MDD,"DFL-MDD (LB=252, n1=0.3)",8.61,0.5347,2.8,32.59,35.32,0.2641,0.2753,0.3,0.364
0.3,0.7,0,DFL-MDD,"DFL-MDD (LB=252, n1=0.4)",10.12,0.6297,2.59,33.11,35.63,0.3057,0.2776,0.3,0.3445
0.3,0.7,0,DFL-MDD,"DFL-MDD (LB=504, n1=0.1)",9.84,0.6247,2.54,34.04,37.12,0.2891,0.2332,0.3,0.4149
0.3,0.7,0,DFL-MDD,"DFL-MDD (LB=504, n1=0.2)",12.78,0.7542,2.61,33.87,36.55,0.3774,0.2648,0.3,0.3508
0.3,0.7,0,DFL-MDD,"DFL-MDD (LB=504, n1=0.3)",10.57,0.665,2.56,30.03,32.48,0.3521,0.2735,0.3,0.3568
0.3,0.7,0,DFL-MDD,"DFL-MDD (LB=504, n1=0.4)",8.44,0.5393,2.66,31.88,34.37,0.2649,0.2701,0.3,0.448
0.3,0.7,0,DFL-MVO,DFL-MVO (LB=252),7.53,0.463,2.95,36.77,40.02,0.2047,0.2799,0.3,0.3687
0.3,0.7,0,DFL-MVO,DFL-MVO (LB=504),10.34,0.6055,2.86,37.89,41.47,0.2729,0.28,0.3,0.3111
0.3,0.7,0,PTO-MDD,"PTO-MDD (LB=252, n1=0.1)",7.32,0.4331,3.14,49.95,58.12,0.1466,0.2788,0.3,0.0618
0.3,0.7,0,PTO-MDD,"PTO-MDD (LB=252, n1=0.2)",8.94,0.5028,3.1,49.95,58.13,0.179,0.2787,0.3,0.0574
0.3,0.7,0,PTO-MDD,"PTO-MDD (LB=252, n1=0.3)",8.67,0.4899,3.12,49.95,58.12,0.1735,0.2766,0.3,0.0631
0.3,0.7,0,PTO-MDD,"PTO-MDD (LB=252, n1=0.4)",8.87,0.5005,3.1,49.95,58.12,0.1775,0.2774,0.3,0.0609
0.3,0.7,0,PTO-MDD,"PTO-MDD (LB=504, n1=0.1)",10.95,0.5716,3.18,50.36,57.92,0.2174,0.2736,0.3,0.0677
0.3,0.7,0,PTO-MDD,"PTO-MDD (LB=504, n1=0.2)",10.99,0.574,3.17,50.15,57.53,0.219,0.2758,0.3,0.0739
0.3,0.7,0,PTO-MDD,"PTO-MDD (LB=504, n1=0.3)",10.29,0.5454,3.16,50.3,57.82,0.2046,0.274,0.3,0.0733
0.3,0.7,0,PTO-MDD,"PTO-MDD (LB=504, n1=0.4)",10.37,0.5496,3.17,50.15,57.53,0.2067,0.2738,0.3,0.072
0.3,0.7,0,PTO-MVO,PTO-MVO (LB=252),7.54,0.5038,2.57,36.02,39.18,0.2092,0.1828,0.3,0.0781
0.3,0.7,0,PTO-MVO,PTO-MVO (LB=504),5.73,0.4005,2.63,37.39,40.7,0.1533,0.1857,0.3,0.0544
0.3,0.7,0,Benchmark,EW,11.9,0.6541,3.02,38.73,42.74,0.3072,0.1,0.1,0.0327
0.3,0.7,0,Benchmark,GMV (LB=252),7.93,0.5278,2.56,34.8,37.82,0.228,0.1772,0.3,0.0781
0.3,0.7,0,Benchmark,hist-MVO (LB=252),11.9,0.7015,2.76,33.65,36.75,0.3538,0.2023,0.3,0.2447
0.3,0.7,0,Benchmark,GMV (LB=504),6.41,0.4389,2.61,36.14,39.3,0.1774,0.1837,0.2961,0.0531
0.3,0.7,0,Benchmark,hist-MVO (LB=504),7.9,0.505,2.74,32.87,35.67,0.2404,0.1947,0.3,0.1435
0.3,0.7,5,DFL-MDD,"DFL-MDD (LB=252, n1=0.1)",9.52,0.6058,2.55,32.88,35.41,0.2895,0.2481,0.3,0.3531
0.3,0.7,5,DFL-MDD,"DFL-MDD (LB=252, n1=0.2)",9.05,0.5797,2.57,31.71,34.2,0.2853,0.2577,0.3,0.4052
0.3,0.7,5,DFL-MDD,"DFL-MDD (LB=252, n1=0.3)",8.37,0.5232,2.8,32.59,35.33,0.2569,0.2753,0.3,0.364
0.3,0.7,5,DFL-MDD,"DFL-MDD (LB=252, n1=0.4)",9.9,0.6182,2.59,33.11,35.64,0.2989,0.2776,0.3,0.3445
0.3,0.7,5,DFL-MDD,"DFL-MDD (LB=504, n1=0.1)",9.57,0.6106,2.54,34.06,37.14,0.281,0.2332,0.3,0.4149
0.3,0.7,5,DFL-MDD,"DFL-MDD (LB=504, n1=0.2)",12.55,0.7428,2.61,33.89,36.57,0.3703,0.2648,0.3,0.3508
0.3,0.7,5,DFL-MDD,"DFL-MDD (LB=504, n1=0.3)",10.34,0.6528,2.57,30.03,32.48,0.3443,0.2735,0.3,0.3568
0.3,0.7,5,DFL-MDD,"DFL-MDD (LB=504, n1=0.4)",8.16,0.5246,2.66,31.89,34.38,0.2557,0.2701,0.3,0.448
0.3,0.7,5,DFL-MVO,DFL-MVO (LB=252),7.29,0.4521,2.95,36.77,40.02,0.1983,0.2799,0.3,0.3687
0.3,0.7,5,DFL-MVO,DFL-MVO (LB=504),10.13,0.5959,2.86,37.91,41.49,0.2674,0.28,0.3,0.3111
0.3,0.7,5,PTO-MDD,"PTO-MDD (LB=252, n1=0.1)",7.29,0.4314,3.14,49.96,58.14,0.1458,0.2788,0.3,0.0618
0.3,0.7,5,PTO-MDD,"PTO-MDD (LB=252, n1=0.2)",8.9,0.5012,3.1,49.96,58.14,0.1782,0.2787,0.3,0.0574
0.3,0.7,5,PTO-MDD,"PTO-MDD (LB=252, n1=0.3)",8.63,0.4882,3.12,49.96,58.14,0.1727,0.2766,0.3,0.0631
0.3,0.7,5,PTO-MDD,"PTO-MDD (LB=252, n1=0.4)",8.83,0.4989,3.1,49.96,58.14,0.1767,0.2774,0.3,0.0609
0.3,0.7,5,PTO-MDD,"PTO-MDD (LB=504, n1=0.1)",10.9,0.5698,3.18,50.37,57.94,0.2164,0.2736,0.3,0.0677
0.3,0.7,5,PTO-MDD,"PTO-MDD (LB=504, n1=0.2)",10.94,0.572,3.17,50.16,57.53,0.2181,0.2758,0.3,0.0739
0.3,0.7,5,PTO-MDD,"PTO-MDD (LB=504, n1=0.3)",10.25,0.5435,3.16,50.31,57.83,0.2036,0.274,0.3,0.0733
0.3,0.7,5,PTO-MDD,"PTO-MDD (LB=504, n1=0.4)",10.32,0.5477,3.17,50.16,57.53,0.2057,0.2738,0.3,0.072
0.3,0.7,5,PTO-MVO,PTO-MVO (LB=252),7.49,0.5012,2.57,36.03,39.19,0.2078,0.1828,0.3,0.0781
0.3,0.7,5,PTO-MVO,PTO-MVO (LB=504),5.7,0.3988,2.63,37.39,40.7,0.1524,0.1857,0.3,0.0544
0.3,0.7,5,Benchmark,EW,11.87,0.6531,3.02,38.73,42.74,0.3066,0.1,0.1,0.0327
0.3,0.7,5,Benchmark,GMV (LB=252),7.88,0.5251,2.56,34.8,37.82,0.2265,0.1772,0.3,0.0781
0.3,0.7,5,Benchmark,hist-MVO (LB=252),11.74,0.6937,2.76,33.66,36.76,0.3488,0.2023,0.3,0.2447
0.3,0.7,5,Benchmark,GMV (LB=504),6.38,0.4371,2.61,36.14,39.3,0.1765,0.1837,0.2961,0.0531
0.3,0.7,5,Benchmark,hist-MVO (LB=504),7.81,0.5004,2.74,32.87,35.68,0.2375,0.1947,0.3,0.1435
0.3,0.7,10,DFL-MDD,"DFL-MDD (LB=252, n1=0.1)",9.29,0.5939,2.55,32.89,35.41,0.2825,0.2481,0.3,0.3531
0.3,0.7,10,DFL-MDD,"DFL-MDD (LB=252, n1=0.2)",8.79,0.5661,2.57,31.72,34.2,0.277,0.2577,0.3,0.4052
0.3,0.7,10,DFL-MDD,"DFL-MDD (LB=252, n1=0.3)",8.14,0.5116,2.8,32.6,35.33,0.2496,0.2753,0.3,0.364
0.3,0.7,10,DFL-MDD,"DFL-MDD (LB=252, n1=0.4)",9.67,0.6067,2.59,33.12,35.65,0.292,0.2776,0.3,0.3445
0.3,0.7,10,DFL-MDD,"DFL-MDD (LB=504, n1=0.1)",9.3,0.5965,2.54,34.08,37.16,0.273,0.2332,0.3,0.4149
0.3,0.7,10,DFL-MDD,"DFL-MDD (LB=504, n1=0.2)",12.31,0.7313,2.61,33.9,36.58,0.3632,0.2648,0.3,0.3508
0.3,0.7,10,DFL-MDD,"DFL-MDD (LB=504, n1=0.3)",10.1,0.6405,2.57,30.03,32.48,0.3365,0.2735,0.3,0.3568
0.3,0.7,10,DFL-MDD,"DFL-MDD (LB=504, n1=0.4)",7.87,0.5098,2.66,31.9,34.4,0.2466,0.2701,0.3,0.448
0.3,0.7,10,DFL-MVO,DFL-MVO (LB=252),7.06,0.4412,2.95,36.77,40.02,0.192,0.2799,0.3,0.3687
0.3,0.7,10,DFL-MVO,DFL-MVO (LB=504),9.93,0.5864,2.86,37.92,41.51,0.2619,0.28,0.3,0.3111
0.3,0.7,10,PTO-MDD,"PTO-MDD (LB=252, n1=0.1)",7.25,0.4298,3.14,49.97,58.16,0.145,0.2788,0.3,0.0618
0.3,0.7,10,PTO-MDD,"PTO-MDD (LB=252, n1=0.2)",8.86,0.4997,3.1,49.97,58.16,0.1774,0.2787,0.3,0.0574
0.3,0.7,10,PTO-MDD,"PTO-MDD (LB=252, n1=0.3)",8.58,0.4864,3.12,49.97,58.16,0.1718,0.2766,0.3,0.0631
0.3,0.7,10,PTO-MDD,"PTO-MDD (LB=252, n1=0.4)",8.79,0.4972,3.1,49.97,58.16,0.1759,0.2774,0.3,0.0609
0.3,0.7,10,PTO-MDD,"PTO-MDD (LB=504, n1=0.1)",10.86,0.568,3.18,50.37,57.95,0.2155,0.2736,0.3,0.0677
0.3,0.7,10,PTO-MDD,"PTO-MDD (LB=504, n1=0.2)",10.89,0.5701,3.17,50.16,57.54,0.2171,0.2758,0.3,0.0739
0.3,0.7,10,PTO-MDD,"PTO-MDD (LB=504, n1=0.3)",10.2,0.5416,3.16,50.32,57.84,0.2027,0.274,0.3,0.0733
0.3,0.7,10,PTO-MDD,"PTO-MDD (LB=504, n1=0.4)",10.27,0.5458,3.17,50.16,57.54,0.2048,0.2738,0.3,0.072
0.3,0.7,10,PTO-MVO,PTO-MVO (LB=252),7.44,0.4985,2.57,36.03,39.19,0.2064,0.1828,0.3,0.0781
0.3,0.7,10,PTO-MVO,PTO-MVO (LB=504),5.66,0.397,2.63,37.4,40.7,0.1514,0.1857,0.3,0.0544
0.3,0.7,10,Benchmark,EW,11.85,0.6522,3.02,38.73,42.74,0.306,0.1,0.1,0.0327
0.3,0.7,10,Benchmark,GMV (LB=252),7.83,0.5225,2.56,34.81,37.83,0.2251,0.1772,0.3,0.0781
0.3,0.7,10,Benchmark,hist-MVO (LB=252),11.58,0.6858,2.76,33.67,36.77,0.3439,0.2023,0.3,0.2447
0.3,0.7,10,Benchmark,GMV (LB=504),6.35,0.4354,2.61,36.14,39.3,0.1756,0.1837,0.2961,0.0531
0.3,0.7,10,Benchmark,hist-MVO (LB=504),7.72,0.4958,2.74,32.88,35.68,0.2347,0.1947,0.3,0.1435
0.3,0.7,20,DFL-MDD,"DFL-MDD (LB=252, n1=0.1)",8.83,0.57,2.56,32.9,35.43,0.2685,0.2481,0.3,0.3531
0.3,0.7,20,DFL-MDD,"DFL-MDD (LB=252, n1=0.2)",8.26,0.5387,2.57,31.73,34.22,0.2604,0.2577,0.3,0.4052
0.3,0.7,20,DFL-MDD,"DFL-MDD (LB=252, n1=0.3)",7.67,0.4885,2.8,32.61,35.34,0.2352,0.2753,0.3,0.364
0.3,0.7,20,DFL-MDD,"DFL-MDD (LB=252, n1=0.4)",9.22,0.5837,2.59,33.14,35.66,0.2784,0.2776,0.3,0.3445
0.3,0.7,20,DFL-MDD,"DFL-MDD (LB=504, n1=0.1)",8.77,0.5683,2.55,34.12,37.2,0.2569,0.2332,0.3,0.4149
0.3,0.7,20,DFL-MDD,"DFL-MDD (LB=504, n1=0.2)",11.85,0.7084,2.61,33.94,36.62,0.3491,0.2648,0.3,0.3508
0.3,0.7,20,DFL-MDD,"DFL-MDD (LB=504, n1=0.3)",9.64,0.6161,2.57,30.03,32.47,0.321,0.2735,0.3,0.3568
0.3,0.7,20,DFL-MDD,"DFL-MDD (LB=504, n1=0.4)",7.29,0.4803,2.67,31.93,34.42,0.2284,0.2701,0.3,0.448
0.3,0.7,20,DFL-MVO,DFL-MVO (LB=252),6.59,0.4193,2.96,36.77,40.02,0.1792,0.2799,0.3,0.3687
0.3,0.7,20,DFL-MVO,DFL-MVO (LB=504),9.53,0.5672,2.86,37.96,41.55,0.2509,0.28,0.3,0.3111
0.3,0.7,20,PTO-MDD,"PTO-MDD (LB=252, n1=0.1)",7.17,0.4264,3.14,49.98,58.19,0.1434,0.2788,0.3,0.0618
0.3,0.7,20,PTO-MDD,"PTO-MDD (LB=252, n1=0.2)",8.79,0.4965,3.1,49.98,58.19,0.1759,0.2787,0.3,0.0574
0.3,0.7,20,PTO-MDD,"PTO-MDD (LB=252, n1=0.3)",8.5,0.483,3.12,49.98,58.19,0.1701,0.2766,0.3,0.0631
0.3,0.7,20,PTO-MDD,"PTO-MDD (LB=252, n1=0.4)",8.71,0.4939,3.1,49.98,58.19,0.1743,0.2774,0.3,0.0609
0.3,0.7,20,PTO-MDD,"PTO-MDD (LB=504, n1=0.1)",10.77,0.5645,3.18,50.39,57.98,0.2137,0.2736,0.3,0.0677
0.3,0.7,20,PTO-MDD,"PTO-MDD (LB=504, n1=0.2)",10.79,0.5662,3.17,50.17,57.55,0.2151,0.2758,0.3,0.0739
0.3,0.7,20,PTO-MDD,"PTO-MDD (LB=504, n1=0.3)",10.1,0.5377,3.16,50.33,57.87,0.2007,0.274,0.3,0.0733
0.3,0.7,20,PTO-MDD,"PTO-MDD (LB=504, n1=0.4)",10.18,0.542,3.17,50.17,57.55,0.2029,0.2738,0.3,0.072
0.3,0.7,20,PTO-MVO,PTO-MVO (LB=252),7.34,0.4933,2.57,36.04,39.2,0.2036,0.1828,0.3,0.0781
0.3,0.7,20,PTO-MVO,PTO-MVO (LB=504),5.6,0.3934,2.63,37.4,40.71,0.1496,0.1857,0.3,0.0544
0.3,0.7,20,Benchmark,EW,11.81,0.6503,3.02,38.73,42.74,0.3049,0.1,0.1,0.0327
0.3,0.7,20,Benchmark,GMV (LB=252),7.73,0.5171,2.56,34.82,37.84,0.2221,0.1772,0.3,0.0781
0.3,0.7,20,Benchmark,hist-MVO (LB=252),11.25,0.6701,2.76,33.69,36.79,0.3341,0.2023,0.3,0.2447
0.3,0.7,20,Benchmark,GMV (LB=504),6.28,0.4318,2.61,36.15,39.31,0.1737,0.1837,0.2961,0.0531
0.3,0.7,20,Benchmark,hist-MVO (LB=504),7.53,0.4866,2.74,32.89,35.69,0.229,0.1947,0.3,0.1435
0.3,0.7,40,DFL-MDD,"DFL-MDD (LB=252, n1=0.1)",7.92,0.5222,2.56,32.93,35.46,0.2406,0.2481,0.3,0.3531
0.3,0.7,40,DFL-MDD,"DFL-MDD (LB=252, n1=0.2)",7.22,0.4838,2.57,31.75,34.24,0.2275,0.2577,0.3,0.4052
0.3,0.7,40,DFL-MDD,"DFL-MDD (LB=252, n1=0.3)",6.74,0.4422,2.8,32.64,35.37,0.2066,0.2753,0.3,0.364
0.3,0.7,40,DFL-MDD,"DFL-MDD (LB=252, n1=0.4)",8.33,0.5375,2.59,33.16,35.68,0.2513,0.2776,0.3,0.3445
0.3,0.7,40,DFL-MDD,"DFL-MDD (LB=504, n1=0.1)",7.7,0.5116,2.55,34.2,37.28,0.2251,0.2332,0.3,0.4149
0.3,0.7,40,DFL-MDD,"DFL-MDD (LB=504, n1=0.2)",10.92,0.6624,2.61,34.01,36.7,0.321,0.2648,0.3,0.3508
0.3,0.7,40,DFL-MDD,"DFL-MDD (LB=504, n1=0.3)",8.71,0.567,2.57,30.03,32.47,0.2901,0.2735,0.3,0.3568
0.3,0.7,40,DFL-MDD,"DFL-MDD (LB=504, n1=0.4)",6.16,0.4212,2.67,31.99,34.48,0.1925,0.2701,0.3,0.448
0.3,0.7,40,DFL-MVO,DFL-MVO (LB=252),5.66,0.3754,2.96,36.78,40.01,0.1539,0.2799,0.3,0.3687
0.3,0.7,40,DFL-MVO,DFL-MVO (LB=504),8.72,0.5288,2.87,38.04,41.64,0.2292,0.28,0.3,0.3111
0.3,0.7,40,PTO-MDD,"PTO-MDD (LB=252, n1=0.1)",7.01,0.4197,3.14,50.02,58.25,0.1402,0.2788,0.3,0.0618
0.3,0.7,40,PTO-MDD,"PTO-MDD (LB=252, n1=0.2)",8.64,0.4902,3.1,50.02,58.25,0.1728,0.2787,0.3,0.0574
0.3,0.7,40,PTO-MDD,"PTO-MDD (LB=252, n1=0.3)",8.34,0.4761,3.12,50.02,58.25,0.1668,0.2766,0.3,0.0631
0.3,0.7,40,PTO-MDD,"PTO-MDD (LB=252, n1=0.4)",8.55,0.4872,3.1,50.02,58.25,0.171,0.2774,0.3,0.0609
0.3,0.7,40,PTO-MDD,"PTO-MDD (LB=504, n1=0.1)",10.59,0.5574,3.18,50.42,58.03,0.21,0.2736,0.3,0.0677
0.3,0.7,40,PTO-MDD,"PTO-MDD (LB=504, n1=0.2)",10.6,0.5584,3.17,50.18,57.58,0.2112,0.2758,0.3,0.0739
0.3,0.7,40,PTO-MDD,"PTO-MDD (LB=504, n1=0.3)",9.91,0.53,3.16,50.35,57.91,0.1968,0.274,0.3,0.0733
0.3,0.7,40,PTO-MDD,"PTO-MDD (LB=504, n1=0.4)",9.99,0.5344,3.17,50.18,57.58,0.199,0.2738,0.3,0.072
0.3,0.7,40,PTO-MVO,PTO-MVO (LB=252),7.14,0.4827,2.57,36.05,39.21,0.198,0.1828,0.3,0.0781
0.3,0.7,40,PTO-MVO,PTO-MVO (LB=504),5.46,0.3862,2.63,37.41,40.72,0.1459,0.1857,0.3,0.0544
0.3,0.7,40,Benchmark,EW,11.72,0.6465,3.02,38.74,42.75,0.3026,0.1,0.1,0.0327
0.3,0.7,40,Benchmark,GMV (LB=252),7.53,0.5065,2.56,34.83,37.85,0.2163,0.1772,0.3,0.0781
0.3,0.7,40,Benchmark,hist-MVO (LB=252),10.61,0.6386,2.76,33.73,36.83,0.3145,0.2023,0.3,0.2447
0.3,0.7,40,Benchmark,GMV (LB=504),6.14,0.4248,2.61,36.16,39.32,0.1699,0.1837,0.2961,0.0531
0.3,0.7,40,Benchmark,hist-MVO (LB=504),7.17,0.4681,2.74,32.91,35.72,0.2178,0.1947,0.3,0.1435
0.3,1.0,0,DFL-MDD,"DFL-MDD (LB=252, n1=0.1)",8.81,0.5682,2.56,29.19,31.44,0.3019,0.2417,0.3,0.4556
0.3,1.0,0,DFL-MDD,"DFL-MDD (LB=252, n1=0.2)",7.55,0.4619,3.01,37.91,41.38,0.1992,0.2462,0.3,0.3536
0.3,1.0,0,DFL-MDD,"DFL-MDD (LB=252, n1=0.3)",8.28,0.4981,2.94,33.94,36.85,0.244,0.2679,0.3,0.4319
0.3,1.0,0,DFL-MDD,"DFL-MDD (LB=252, n1=0.4)",10.89,0.6107,3.0,33.8,36.78,0.3221,0.2772,0.3,0.4098
0.3,1.0,0,DFL-MDD,"DFL-MDD (LB=504, n1=0.1)",11.87,0.6767,2.81,38.19,41.68,0.3109,0.2248,0.3,0.5358
0.3,1.0,0,DFL-MDD,"DFL-MDD (LB=504, n1=0.2)",8.98,0.5733,2.65,30.36,33.03,0.2959,0.2525,0.3,0.4949
0.3,1.0,0,DFL-MDD,"DFL-MDD (LB=504, n1=0.3)",8.33,0.4896,3.03,34.37,37.37,0.2424,0.2684,0.3,0.4593
0.3,1.0,0,DFL-MDD,"DFL-MDD (LB=504, n1=0.4)",14.59,0.77,2.99,35.96,40.0,0.4057,0.2758,0.3,0.4259
0.3,1.0,0,DFL-MVO,DFL-MVO (LB=252),13.31,0.6882,3.16,39.97,44.0,0.333,0.28,0.3,0.2815
0.3,1.0,0,DFL-MVO,DFL-MVO (LB=504),12.71,0.7009,2.86,31.48,34.48,0.4037,0.28,0.3,0.479
0.3,1.0,0,PTO-MDD,"PTO-MDD (LB=252, n1=0.1)",7.32,0.4331,3.14,49.95,58.12,0.1466,0.2788,0.3,0.0618
0.3,1.0,0,PTO-MDD,"PTO-MDD (LB=252, n1=0.2)",8.94,0.5028,3.1,49.95,58.13,0.179,0.2787,0.3,0.0574
0.3,1.0,0,PTO-MDD,"PTO-MDD (LB=252, n1=0.3)",8.67,0.4899,3.12,49.95,58.12,0.1735,0.2766,0.3,0.0631
0.3,1.0,0,PTO-MDD,"PTO-MDD (LB=252, n1=0.4)",8.87,0.5005,3.1,49.95,58.12,0.1775,0.2774,0.3,0.0609
0.3,1.0,0,PTO-MDD,"PTO-MDD (LB=504, n1=0.1)",10.95,0.5716,3.18,50.36,57.92,0.2174,0.2736,0.3,0.0677
0.3,1.0,0,PTO-MDD,"PTO-MDD (LB=504, n1=0.2)",10.99,0.574,3.17,50.15,57.53,0.219,0.2758,0.3,0.0739
0.3,1.0,0,PTO-MDD,"PTO-MDD (LB=504, n1=0.3)",10.29,0.5454,3.16,50.3,57.82,0.2046,0.274,0.3,0.0733
0.3,1.0,0,PTO-MDD,"PTO-MDD (LB=504, n1=0.4)",10.37,0.5496,3.17,50.15,57.53,0.2067,0.2738,0.3,0.072
0.3,1.0,0,PTO-MVO,PTO-MVO (LB=252),7.54,0.5038,2.57,36.02,39.18,0.2092,0.1828,0.3,0.0781
0.3,1.0,0,PTO-MVO,PTO-MVO (LB=504),5.73,0.4005,2.63,37.39,40.7,0.1533,0.1857,0.3,0.0544
0.3,1.0,0,Benchmark,EW,11.9,0.6541,3.02,38.73,42.74,0.3072,0.1,0.1,0.0327
0.3,1.0,0,Benchmark,GMV (LB=252),7.93,0.5278,2.56,34.8,37.82,0.228,0.1772,0.3,0.0781
0.3,1.0,0,Benchmark,hist-MVO (LB=252),11.9,0.7015,2.76,33.65,36.75,0.3538,0.2023,0.3,0.2447
0.3,1.0,0,Benchmark,GMV (LB=504),6.41,0.4389,2.61,36.14,39.3,0.1774,0.1837,0.2961,0.0531
0.3,1.0,0,Benchmark,hist-MVO (LB=504),7.9,0.505,2.74,32.87,35.67,0.2404,0.1947,0.3,0.1435
0.3,1.0,5,DFL-MDD,"DFL-MDD (LB=252, n1=0.1)",8.52,0.5529,2.56,29.19,31.44,0.2918,0.2417,0.3,0.4556
0.3,1.0,5,DFL-MDD,"DFL-MDD (LB=252, n1=0.2)",7.32,0.4515,3.01,37.94,41.42,0.1931,0.2462,0.3,0.3536
0.3,1.0,5,DFL-MDD,"DFL-MDD (LB=252, n1=0.3)",8.0,0.4853,2.94,34.0,36.94,0.2354,0.2679,0.3,0.4319
0.3,1.0,5,DFL-MDD,"DFL-MDD (LB=252, n1=0.4)",10.62,0.5987,3.0,33.82,36.8,0.314,0.2772,0.3,0.4098
0.3,1.0,5,DFL-MDD,"DFL-MDD (LB=504, n1=0.1)",11.52,0.6602,2.81,38.19,41.69,0.3015,0.2248,0.3,0.5358
0.3,1.0,5,DFL-MDD,"DFL-MDD (LB=504, n1=0.2)",8.66,0.5567,2.66,30.37,33.04,0.2853,0.2525,0.3,0.4949
0.3,1.0,5,DFL-MDD,"DFL-MDD (LB=504, n1=0.3)",8.04,0.4765,3.03,34.39,37.39,0.2337,0.2684,0.3,0.4593
0.3,1.0,5,DFL-MDD,"DFL-MDD (LB=504, n1=0.4)",14.3,0.7576,2.99,35.97,40.01,0.3975,0.2758,0.3,0.4259
0.3,1.0,5,DFL-MVO,DFL-MVO (LB=252),13.12,0.6805,3.16,39.97,44.0,0.3283,0.28,0.3,0.2815
0.3,1.0,5,DFL-MVO,DFL-MVO (LB=504),12.39,0.6865,2.86,31.49,34.49,0.3935,0.28,0.3,0.479
0.3,1.0,5,PTO-MDD,"PTO-MDD (LB=252, n1=0.1)",7.29,0.4314,3.14,49.96,58.14,0.1458,0.2788,0.3,0.0618
0.3,1.0,5,PTO-MDD,"PTO-MDD (LB=252, n1=0.2)",8.9,0.5012,3.1,49.96,58.14,0.1782,0.2787,0.3,0.0574
0.3,1.0,5,PTO-MDD,"PTO-MDD (LB=252, n1=0.3)",8.63,0.4882,3.12,49.96,58.14,0.1727,0.2766,0.3,0.0631
0.3,1.0,5,PTO-MDD,"PTO-MDD (LB=252, n1=0.4)",8.83,0.4989,3.1,49.96,58.14,0.1767,0.2774,0.3,0.0609
0.3,1.0,5,PTO-MDD,"PTO-MDD (LB=504, n1=0.1)",10.9,0.5698,3.18,50.37,57.94,0.2164,0.2736,0.3,0.0677
0.3,1.0,5,PTO-MDD,"PTO-MDD (LB=504, n1=0.2)",10.94,0.572,3.17,50.16,57.53,0.2181,0.2758,0.3,0.0739
0.3,1.0,5,PTO-MDD,"PTO-MDD (LB=504, n1=0.3)",10.25,0.5435,3.16,50.31,57.83,0.2036,0.274,0.3,0.0733
0.3,1.0,5,PTO-MDD,"PTO-MDD (LB=504, n1=0.4)",10.32,0.5477,3.17,50.16,57.53,0.2057,0.2738,0.3,0.072
0.3,1.0,5,PTO-MVO,PTO-MVO (LB=252),7.49,0.5012,2.57,36.03,39.19,0.2078,0.1828,0.3,0.0781
0.3,1.0,5,PTO-MVO,PTO-MVO (LB=504),5.7,0.3988,2.63,37.39,40.7,0.1524,0.1857,0.3,0.0544
0.3,1.0,5,Benchmark,EW,11.87,0.6531,3.02,38.73,42.74,0.3066,0.1,0.1,0.0327
0.3,1.0,5,Benchmark,GMV (LB=252),7.88,0.5251,2.56,34.8,37.82,0.2265,0.1772,0.3,0.0781
0.3,1.0,5,Benchmark,hist-MVO (LB=252),11.74,0.6937,2.76,33.66,36.76,0.3488,0.2023,0.3,0.2447
0.3,1.0,5,Benchmark,GMV (LB=504),6.38,0.4371,2.61,36.14,39.3,0.1765,0.1837,0.2961,0.0531
0.3,1.0,5,Benchmark,hist-MVO (LB=504),7.81,0.5004,2.74,32.87,35.68,0.2375,0.1947,0.3,0.1435
0.3,1.0,10,DFL-MDD,"DFL-MDD (LB=252, n1=0.1)",8.23,0.5375,2.56,29.19,31.44,0.2817,0.2417,0.3,0.4556
0.3,1.0,10,DFL-MDD,"DFL-MDD (LB=252, n1=0.2)",7.1,0.4411,3.01,37.96,41.46,0.187,0.2462,0.3,0.3536
0.3,1.0,10,DFL-MDD,"DFL-MDD (LB=252, n1=0.3)",7.73,0.4724,2.94,34.06,37.03,0.2269,0.2679,0.3,0.4319
0.3,1.0,10,DFL-MDD,"DFL-MDD (LB=252, n1=0.4)",10.35,0.5868,3.0,33.84,36.82,0.3058,0.2772,0.3,0.4098
0.3,1.0,10,DFL-MDD,"DFL-MDD (LB=504, n1=0.1)",11.16,0.6438,2.81,38.2,41.7,0.2922,0.2248,0.3,0.5358
0.3,1.0,10,DFL-MDD,"DFL-MDD (LB=504, n1=0.2)",8.35,0.5402,2.66,30.38,33.06,0.2747,0.2525,0.3,0.4949
0.3,1.0,10,DFL-MDD,"DFL-MDD (LB=504, n1=0.3)",7.74,0.4633,3.03,34.4,37.4,0.225,0.2684,0.3,0.4593
0.3,1.0,10,DFL-MDD,"DFL-MDD (LB=504, n1=0.4)",14.01,0.7452,2.99,35.99,40.03,0.3894,0.2758,0.3,0.4259
0.3,1.0,10,DFL-MVO,DFL-MVO (LB=252),12.93,0.6728,3.16,39.97,44.0,0.3236,0.28,0.3,0.2815
0.3,1.0,10,DFL-MVO,DFL-MVO (LB=504),12.07,0.6722,2.86,31.5,34.5,0.3833,0.28,0.3,0.479
0.3,1.0,10,PTO-MDD,"PTO-MDD (LB=252, n1=0.1)",7.25,0.4298,3.14,49.97,58.16,0.145,0.2788,0.3,0.0618
0.3,1.0,10,PTO-MDD,"PTO-MDD (LB=252, n1=0.2)",8.86,0.4997,3.1,49.97,58.16,0.1774,0.2787,0.3,0.0574
0.3,1.0,10,PTO-MDD,"PTO-MDD (LB=252, n1=0.3)",8.58,0.4864,3.12,49.97,58.16,0.1718,0.2766,0.3,0.0631
0.3,1.0,10,PTO-MDD,"PTO-MDD (LB=252, n1=0.4)",8.79,0.4972,3.1,49.97,58.16,0.1759,0.2774,0.3,0.0609
0.3,1.0,10,PTO-MDD,"PTO-MDD (LB=504, n1=0.1)",10.86,0.568,3.18,50.37,57.95,0.2155,0.2736,0.3,0.0677
0.3,1.0,10,PTO-MDD,"PTO-MDD (LB=504, n1=0.2)",10.89,0.5701,3.17,50.16,57.54,0.2171,0.2758,0.3,0.0739
0.3,1.0,10,PTO-MDD,"PTO-MDD (LB=504, n1=0.3)",10.2,0.5416,3.16,50.32,57.84,0.2027,0.274,0.3,0.0733
0.3,1.0,10,PTO-MDD,"PTO-MDD (LB=504, n1=0.4)",10.27,0.5458,3.17,50.16,57.54,0.2048,0.2738,0.3,0.072
0.3,1.0,10,PTO-MVO,PTO-MVO (LB=252),7.44,0.4985,2.57,36.03,39.19,0.2064,0.1828,0.3,0.0781
0.3,1.0,10,PTO-MVO,PTO-MVO (LB=504),5.66,0.397,2.63,37.4,40.7,0.1514,0.1857,0.3,0.0544
0.3,1.0,10,Benchmark,EW,11.85,0.6522,3.02,38.73,42.74,0.306,0.1,0.1,0.0327
0.3,1.0,10,Benchmark,GMV (LB=252),7.83,0.5225,2.56,34.81,37.83,0.2251,0.1772,0.3,0.0781
0.3,1.0,10,Benchmark,hist-MVO (LB=252),11.58,0.6858,2.76,33.67,36.77,0.3439,0.2023,0.3,0.2447
0.3,1.0,10,Benchmark,GMV (LB=504),6.35,0.4354,2.61,36.14,39.3,0.1756,0.1837,0.2961,0.0531
0.3,1.0,10,Benchmark,hist-MVO (LB=504),7.72,0.4958,2.74,32.88,35.68,0.2347,0.1947,0.3,0.1435
0.3,1.0,20,DFL-MDD,"DFL-MDD (LB=252, n1=0.1)",7.64,0.5066,2.57,29.2,31.44,0.2617,0.2417,0.3,0.4556
0.3,1.0,20,DFL-MDD,"DFL-MDD (LB=252, n1=0.2)",6.65,0.4202,3.02,38.02,41.54,0.1749,0.2462,0.3,0.3536
0.3,1.0,20,DFL-MDD,"DFL-MDD (LB=252, n1=0.3)",7.18,0.4467,2.95,34.19,37.2,0.2099,0.2679,0.3,0.4319
0.3,1.0,20,DFL-MDD,"DFL-MDD (LB=252, n1=0.4)",9.81,0.5628,3.0,33.88,36.86,0.2897,0.2772,0.3,0.4098
0.3,1.0,20,DFL-MDD,"DFL-MDD (LB=504, n1=0.1)",10.46,0.6108,2.82,38.21,41.71,0.2736,0.2248,0.3,0.5358
0.3,1.0,20,DFL-MDD,"DFL-MDD (LB=504, n1=0.2)",7.71,0.507,2.66,30.41,33.08,0.2536,0.2525,0.3,0.4949
0.3,1.0,20,DFL-MDD,"DFL-MDD (LB=504, n1=0.3)",7.16,0.4369,3.03,34.44,37.43,0.2078,0.2684,0.3,0.4593
0.3,1.0,20,DFL-MDD,"DFL-MDD (LB=504, n1=0.4)",13.44,0.7203,2.99,36.01,40.05,0.3731,0.2758,0.3,0.4259
0.3,1.0,20,DFL-MVO,DFL-MVO (LB=252),12.55,0.6573,3.16,39.97,44.0,0.3141,0.28,0.3,0.2815
0.3,1.0,20,DFL-MVO,DFL-MVO (LB=504),11.43,0.6435,2.86,31.51,34.51,0.3629,0.28,0.3,0.479
0.3,1.0,20,PTO-MDD,"PTO-MDD (LB=252, n1=0.1)",7.17,0.4264,3.14,49.98,58.19,0.1434,0.2788,0.3,0.0618
0.3,1.0,20,PTO-MDD,"PTO-MDD (LB=252, n1=0.2)",8.79,0.4965,3.1,49.98,58.19,0.1759,0.2787,0.3,0.0574
0.3,1.0,20,PTO-MDD,"PTO-MDD (LB=252, n1=0.3)",8.5,0.483,3.12,49.98,58.19,0.1701,0.2766,0.3,0.0631
0.3,1.0,20,PTO-MDD,"PTO-MDD (LB=252, n1=0.4)",8.71,0.4939,3.1,49.98,58.19,0.1743,0.2774,0.3,0.0609
0.3,1.0,20,PTO-MDD,"PTO-MDD (LB=504, n1=0.1)",10.77,0.5645,3.18,50.39,57.98,0.2137,0.2736,0.3,0.0677
0.3,1.0,20,PTO-MDD,"PTO-MDD (LB=504, n1=0.2)",10.79,0.5662,3.17,50.17,57.55,0.2151,0.2758,0.3,0.0739
0.3,1.0,20,PTO-MDD,"PTO-MDD (LB=504, n1=0.3)",10.1,0.5377,3.16,50.33,57.87,0.2007,0.274,0.3,0.0733
0.3,1.0,20,PTO-MDD,"PTO-MDD (LB=504, n1=0.4)",10.18,0.542,3.17,50.17,57.55,0.2029,0.2738,0.3,0.072
0.3,1.0,20,PTO-MVO,PTO-MVO (LB=252),7.34,0.4933,2.57,36.04,39.2,0.2036,0.1828,0.3,0.0781
0.3,1.0,20,PTO-MVO,PTO-MVO (LB=504),5.6,0.3934,2.63,37.4,40.71,0.1496,0.1857,0.3,0.0544
0.3,1.0,20,Benchmark,EW,11.81,0.6503,3.02,38.73,42.74,0.3049,0.1,0.1,0.0327
0.3,1.0,20,Benchmark,GMV (LB=252),7.73,0.5171,2.56,34.82,37.84,0.2221,0.1772,0.3,0.0781
0.3,1.0,20,Benchmark,hist-MVO (LB=252),11.25,0.6701,2.76,33.69,36.79,0.3341,0.2023,0.3,0.2447
0.3,1.0,20,Benchmark,GMV (LB=504),6.28,0.4318,2.61,36.15,39.31,0.1737,0.1837,0.2961,0.0531
0.3,1.0,20,Benchmark,hist-MVO (LB=504),7.53,0.4866,2.74,32.89,35.69,0.229,0.1947,0.3,0.1435
0.3,1.0,40,DFL-MDD,"DFL-MDD (LB=252, n1=0.1)",6.48,0.4449,2.57,29.37,31.59,0.2206,0.2417,0.3,0.4556
0.3,1.0,40,DFL-MDD,"DFL-MDD (LB=252, n1=0.2)",5.76,0.3785,3.02,38.13,41.71,0.151,0.2462,0.3,0.3536
0.3,1.0,40,DFL-MDD,"DFL-MDD (LB=252, n1=0.3)",6.08,0.3951,2.95,34.43,37.55,0.1766,0.2679,0.3,0.4319
0.3,1.0,40,DFL-MDD,"DFL-MDD (LB=252, n1=0.4)",8.75,0.5147,3.0,33.96,36.94,0.2576,0.2772,0.3,0.4098
0.3,1.0,40,DFL-MDD,"DFL-MDD (LB=504, n1=0.1)",9.06,0.5447,2.82,38.24,41.74,0.2368,0.2248,0.3,0.5358
0.3,1.0,40,DFL-MDD,"DFL-MDD (LB=504, n1=0.2)",6.45,0.4405,2.68,30.45,33.12,0.2118,0.2525,0.3,0.4949
0.3,1.0,40,DFL-MDD,"DFL-MDD (LB=504, n1=0.3)",5.99,0.3841,3.04,34.5,37.48,0.1737,0.2684,0.3,0.4593
0.3,1.0,40,DFL-MDD,"DFL-MDD (LB=504, n1=0.4)",12.29,0.6703,3.0,36.06,40.1,0.3409,0.2758,0.3,0.4259
0.3,1.0,40,DFL-MVO,DFL-MVO (LB=252),11.8,0.6262,3.17,39.97,44.0,0.2953,0.28,0.3,0.2815
0.3,1.0,40,DFL-MVO,DFL-MVO (LB=504),10.17,0.5858,2.87,31.54,34.55,0.3225,0.28,0.3,0.479
0.3,1.0,40,PTO-MDD,"PTO-MDD (LB=252, n1=0.1)",7.01,0.4197,3.14,50.02,58.25,0.1402,0.2788,0.3,0.0618
0.3,1.0,40,PTO-MDD,"PTO-MDD (LB=252, n1=0.2)",8.64,0.4902,3.1,50.02,58.25,0.1728,0.2787,0.3,0.0574
0.3,1.0,40,PTO-MDD,"PTO-MDD (LB=252, n1=0.3)",8.34,0.4761,3.12,50.02,58.25,0.1668,0.2766,0.3,0.0631
0.3,1.0,40,PTO-MDD,"PTO-MDD (LB=252, n1=0.4)",8.55,0.4872,3.1,50.02,58.25,0.171,0.2774,0.3,0.0609
0.3,1.0,40,PTO-MDD,"PTO-MDD (LB=504, n1=0.1)",10.59,0.5574,3.18,50.42,58.03,0.21,0.2736,0.3,0.0677
0.3,1.0,40,PTO-MDD,"PTO-MDD (LB=504, n1=0.2)",10.6,0.5584,3.17,50.18,57.58,0.2112,0.2758,0.3,0.0739
0.3,1.0,40,PTO-MDD,"PTO-MDD (LB=504, n1=0.3)",9.91,0.53,3.16,50.35,57.91,0.1968,0.274,0.3,0.0733
0.3,1.0,40,PTO-MDD,"PTO-MDD (LB=504, n1=0.4)",9.99,0.5344,3.17,50.18,57.58,0.199,0.2738,0.3,0.072
0.3,1.0,40,PTO-MVO,PTO-MVO (LB=252),7.14,0.4827,2.57,36.05,39.21,0.198,0.1828,0.3,0.0781
0.3,1.0,40,PTO-MVO,PTO-MVO (LB=504),5.46,0.3862,2.63,37.41,40.72,0.1459,0.1857,0.3,0.0544
0.3,1.0,40,Benchmark,EW,11.72,0.6465,3.02,38.74,42.75,0.3026,0.1,0.1,0.0327
0.3,1.0,40,Benchmark,GMV (LB=252),7.53,0.5065,2.56,34.83,37.85,0.2163,0.1772,0.3,0.0781
0.3,1.0,40,Benchmark,hist-MVO (LB=252),10.61,0.6386,2.76,33.73,36.83,0.3145,0.2023,0.3,0.2447
0.3,1.0,40,Benchmark,GMV (LB=504),6.14,0.4248,2.61,36.16,39.32,0.1699,0.1837,0.2961,0.0531
0.3,1.0,40,Benchmark,hist-MVO (LB=504),7.17,0.4681,2.74,32.91,35.72,0.2178,0.1947,0.3,0.1435
0.6,0.3,0,DFL-MDD,"DFL-MDD (LB=252, n1=0.1)",4.37,0.3263,2.67,35.75,38.66,0.1222,0.3982,0.6,0.4808
0.6,0.3,0,DFL-MDD,"DFL-MDD (LB=252, n1=0.2)",9.68,0.6027,2.59,36.22,39.0,0.2673,0.417,0.6,0.4233
0.6,0.3,0,DFL-MDD,"DFL-MDD (LB=252, n1=0.3)",6.92,0.4553,2.66,36.09,38.86,0.1916,0.4757,0.6,0.5328
0.6,0.3,0,DFL-MDD,"DFL-MDD (LB=252, n1=0.4)",5.82,0.3987,2.6,37.63,40.53,0.1547,0.5066,0.6,0.3924
0.6,0.3,0,DFL-MDD,"DFL-MDD (LB=504, n1=0.1)",7.49,0.4912,2.59,35.22,37.91,0.2126,0.3578,0.6,0.4778
0.6,0.3,0,DFL-MDD,"DFL-MDD (LB=504, n1=0.2)",9.93,0.6113,2.55,36.37,39.38,0.2731,0.4405,0.6,0.4727
0.6,0.3,0,DFL-MDD,"DFL-MDD (LB=504, n1=0.3)",7.88,0.5058,2.59,36.19,38.94,0.2178,0.4613,0.6,0.4758
0.6,0.3,0,DFL-MDD,"DFL-MDD (LB=504, n1=0.4)",7.47,0.4959,2.59,31.81,34.57,0.2349,0.505,0.6,0.4267
0.6,0.3,0,DFL-MVO,DFL-MVO (LB=252),12.18,0.7055,2.64,35.23,37.89,0.3457,0.52,0.6,0.2473
0.6,0.3,0,DFL-MVO,DFL-MVO (LB=504),5.62,0.4001,2.58,34.58,38.31,0.1625,0.52,0.6,0.338
0.6,0.3,0,PTO-MDD,"PTO-MDD (LB=252, n1=0.1)",4.21,0.289,3.64,64.81,83.75,0.065,0.5111,0.6,0.0835
0.6,0.3,0,PTO-MDD,"PTO-MDD (LB=252, n1=0.2)",7.72,0.4119,3.76,64.96,83.75,0.1189,0.4966,0.6,0.0805
0.6,0.3,0,PTO-MDD,"PTO-MDD (LB=252, n1=0.3)",3.17,0.2499,3.64,64.78,83.33,0.049,0.4924,0.6,0.0848
0.6,0.3,0,PTO-MDD,"PTO-MDD (LB=252, n1=0.4)",5.46,0.332,3.78,65.33,84.49,0.0835,0.5008,0.6,0.0882
0.6,0.3,0,PTO-MDD,"PTO-MDD (LB=504, n1=0.1)",11.84,0.546,3.77,63.79,80.85,0.1857,0.5056,0.6,0.1027
0.6,0.3,0,PTO-MDD,"PTO-MDD (LB=504, n1=0.2)",8.22,0.4241,3.87,63.79,80.85,0.1289,0.4853,0.6,0.1025
0.6,0.3,0,PTO-MDD,"PTO-MDD (LB=504, n1=0.3)",6.69,0.3732,3.81,64.0,81.08,0.1045,0.4483,0.6,0.1047
0.6,0.3,0,PTO-MDD,"PTO-MDD (LB=504, n1=0.4)",8.33,0.4315,3.74,63.79,80.85,0.1306,0.4734,0.6,0.0996
0.6,0.3,0,PTO-MVO,PTO-MVO (LB=252),7.52,0.503,2.57,36.02,39.18,0.2086,0.1865,0.3826,0.0803
0.6,0.3,0,PTO-MVO,PTO-MVO (LB=504),5.72,0.4001,2.63,37.39,40.7,0.153,0.186,0.3098,0.0546
0.6,0.3,0,Benchmark,EW,11.9,0.6541,3.02,38.73,42.74,0.3072,0.1,0.1,0.0327
0.6,0.3,0,Benchmark,GMV (LB=252),7.91,0.5268,2.56,34.8,37.82,0.2274,0.1792,0.3622,0.0798
0.6,0.3,0,Benchmark,hist-MVO (LB=252),11.5,0.6811,2.77,33.62,36.7,0.342,0.2261,0.4886,0.2701
0.6,0.3,0,Benchmark,GMV (LB=504),6.41,0.4388,2.61,36.15,39.31,0.1774,0.1838,0.2967,0.0531
0.6,0.3,0,Benchmark,hist-MVO (LB=504),7.73,0.4934,2.76,33.61,36.45,0.2299,0.1979,0.4077,0.1495
0.6,0.3,5,DFL-MDD,"DFL-MDD (LB=252, n1=0.1)",4.07,0.3106,2.67,35.77,38.68,0.1138,0.3982,0.6,0.4808
0.6,0.3,5,DFL-MDD,"DFL-MDD (LB=252, n1=0.2)",9.41,0.5888,2.59,36.24,39.01,0.2596,0.417,0.6,0.4233
0.6,0.3,5,DFL-MDD,"DFL-MDD (LB=252, n1=0.3)",6.58,0.4382,2.66,36.11,38.88,0.1822,0.4757,0.6,0.5328
0.6,0.3,5,DFL-MDD,"DFL-MDD (LB=252, n1=0.4)",5.57,0.3861,2.6,37.66,40.57,0.148,0.5066,0.6,0.3924
0.6,0.3,5,DFL-MDD,"DFL-MDD (LB=504, n1=0.1)",7.18,0.4754,2.59,35.22,37.91,0.2039,0.3578,0.6,0.4778
0.6,0.3,5,DFL-MDD,"DFL-MDD (LB=504, n1=0.2)",9.62,0.5959,2.55,36.39,39.4,0.2644,0.4405,0.6,0.4727
0.6,0.3,5,DFL-MDD,"DFL-MDD (LB=504, n1=0.3)",7.58,0.4904,2.6,36.19,38.94,0.2094,0.4613,0.6,0.4758
0.6,0.3,5,DFL-MDD,"DFL-MDD (LB=504, n1=0.4)",7.2,0.4815,2.59,31.81,34.57,0.2263,0.505,0.6,0.4267
0.6,0.3,5,DFL-MVO,DFL-MVO (LB=252),12.01,0.6977,2.64,35.23,37.89,0.3411,0.52,0.6,0.2473
0.6,0.3,5,DFL-MVO,DFL-MVO (LB=504),5.41,0.3886,2.58,34.67,38.44,0.1559,0.52,0.6,0.338
0.6,0.3,5,PTO-MDD,"PTO-MDD (LB=252, n1=0.1)",4.16,0.2871,3.64,64.83,83.79,0.0642,0.5111,0.6,0.0835
0.6,0.3,5,PTO-MDD,"PTO-MDD (LB=252, n1=0.2)",7.67,0.4101,3.76,64.98,83.8,0.1181,0.4966,0.6,0.0805
0.6,0.3,5,PTO-MDD,"PTO-MDD (LB=252, n1=0.3)",3.12,0.248,3.64,64.8,83.39,0.0481,0.4924,0.6,0.0848
0.6,0.3,5,PTO-MDD,"PTO-MDD (LB=252, n1=0.4)",5.4,0.33,3.78,65.34,84.5,0.0827,0.5008,0.6,0.0882
0.6,0.3,5,PTO-MDD,"PTO-MDD (LB=504, n1=0.1)",11.78,0.5438,3.77,63.81,80.92,0.1845,0.5056,0.6,0.1027
0.6,0.3,5,PTO-MDD,"PTO-MDD (LB=504, n1=0.2)",8.16,0.4219,3.87,63.81,80.92,0.1278,0.4853,0.6,0.1025
0.6,0.3,5,PTO-MDD,"PTO-MDD (LB=504, n1=0.3)",6.62,0.371,3.81,64.02,81.14,0.1034,0.4483,0.6,0.1047
0.6,0.3,5,PTO-MDD,"PTO-MDD (LB=504, n1=0.4)",8.27,0.4293,3.74,63.81,80.92,0.1296,0.4734,0.6,0.0996
0.6,0.3,5,PTO-MVO,PTO-MVO (LB=252),7.47,0.5003,2.57,36.03,39.19,0.2072,0.1865,0.3826,0.0803
0.6,0.3,5,PTO-MVO,PTO-MVO (LB=504),5.69,0.3983,2.63,37.39,40.7,0.1521,0.186,0.3098,0.0546
0.6,0.3,5,Benchmark,EW,11.87,0.6531,3.02,38.73,42.74,0.3066,0.1,0.1,0.0327
0.6,0.3,5,Benchmark,GMV (LB=252),7.86,0.5241,2.56,34.81,37.83,0.2259,0.1792,0.3622,0.0798
0.6,0.3,5,Benchmark,hist-MVO (LB=252),11.32,0.6725,2.77,33.63,36.71,0.3366,0.2261,0.4886,0.2701
0.6,0.3,5,Benchmark,GMV (LB=504),6.38,0.4371,2.61,36.15,39.31,0.1764,0.1838,0.2967,0.0531
0.6,0.3,5,Benchmark,hist-MVO (LB=504),7.63,0.4887,2.76,33.62,36.45,0.227,0.1979,0.4077,0.1495
0.6,0.3,10,DFL-MDD,"DFL-MDD (LB=252, n1=0.1)",3.77,0.2949,2.67,35.79,38.7,0.1054,0.3982,0.6,0.4808
0.6,0.3,10,DFL-MDD,"DFL-MDD (LB=252, n1=0.2)",9.13,0.5749,2.59,36.25,39.03,0.252,0.417,0.6,0.4233
0.6,0.3,10,DFL-MDD,"DFL-MDD (LB=252, n1=0.3)",6.24,0.421,2.66,36.14,38.91,0.1727,0.4757,0.6,0.5328
0.6,0.3,10,DFL-MDD,"DFL-MDD (LB=252, n1=0.4)",5.33,0.3735,2.6,37.7,40.6,0.1413,0.5066,0.6,0.3924
0.6,0.3,10,DFL-MDD,"DFL-MDD (LB=504, n1=0.1)",6.88,0.4596,2.59,35.22,37.91,0.1953,0.3578,0.6,0.4778
0.6,0.3,10,DFL-MDD,"DFL-MDD (LB=504, n1=0.2)",9.32,0.5805,2.56,36.41,39.42,0.2558,0.4405,0.6,0.4727
0.6,0.3,10,DFL-MDD,"DFL-MDD (LB=504, n1=0.3)",7.27,0.475,2.6,36.19,38.94,0.201,0.4613,0.6,0.4758
0.6,0.3,10,DFL-MDD,"DFL-MDD (LB=504, n1=0.4)",6.93,0.4672,2.59,31.81,34.56,0.2178,0.505,0.6,0.4267
0.6,0.3,10,DFL-MVO,DFL-MVO (LB=252),11.85,0.6899,2.64,35.23,37.89,0.3364,0.52,0.6,0.2473
0.6,0.3,10,DFL-MVO,DFL-MVO (LB=504),5.19,0.3771,2.58,34.76,38.56,0.1494,0.52,0.6,0.338
0.6,0.3,10,PTO-MDD,"PTO-MDD (LB=252, n1=0.1)",4.11,0.2852,3.64,64.84,83.83,0.0634,0.5111,0.6,0.0835
0.6,0.3,10,PTO-MDD,"PTO-MDD (LB=252, n1=0.2)",7.62,0.4083,3.76,65.0,83.86,0.1172,0.4966,0.6,0.0805
0.6,0.3,10,PTO-MDD,"PTO-MDD (LB=252, n1=0.3)",3.07,0.2461,3.64,64.82,83.45,0.0473,0.4924,0.6,0.0848
0.6,0.3,10,PTO-MDD,"PTO-MDD (LB=252, n1=0.4)",5.35,0.3281,3.78,65.35,84.52,0.0818,0.5008,0.6,0.0882
0.6,0.3,10,PTO-MDD,"PTO-MDD (LB=504, n1=0.1)",11.71,0.5416,3.77,63.83,80.98,0.1834,0.5056,0.6,0.1027
0.6,0.3,10,PTO-MDD,"PTO-MDD (LB=504, n1=0.2)",8.09,0.4197,3.87,63.83,80.98,0.1268,0.4853,0.6,0.1025
0.6,0.3,10,PTO-MDD,"PTO-MDD (LB=504, n1=0.3)",6.56,0.3687,3.81,64.04,81.2,0.1024,0.4483,0.6,0.1047
0.6,0.3,10,PTO-MDD,"PTO-MDD (LB=504, n1=0.4)",8.2,0.4271,3.74,63.83,80.98,0.1285,0.4734,0.6,0.0996
0.6,0.3,10,PTO-MVO,PTO-MVO (LB=252),7.41,0.4975,2.57,36.03,39.19,0.2058,0.1865,0.3826,0.0803
0.6,0.3,10,PTO-MVO,PTO-MVO (LB=504),5.65,0.3965,2.63,37.4,40.7,0.1512,0.186,0.3098,0.0546
0.6,0.3,10,Benchmark,EW,11.85,0.6522,3.02,38.73,42.74,0.306,0.1,0.1,0.0327
0.6,0.3,10,Benchmark,GMV (LB=252),7.81,0.5214,2.56,34.81,37.83,0.2244,0.1792,0.3622,0.0798
0.6,0.3,10,Benchmark,hist-MVO (LB=252),11.14,0.6638,2.77,33.64,36.72,0.3312,0.2261,0.4886,0.2701
0.6,0.3,10,Benchmark,GMV (LB=504),6.34,0.4353,2.61,36.15,39.31,0.1755,0.1838,0.2967,0.0531
0.6,0.3,10,Benchmark,hist-MVO (LB=504),7.54,0.4839,2.76,33.62,36.46,0.2241,0.1979,0.4077,0.1495
0.6,0.3,20,DFL-MDD,"DFL-MDD (LB=252, n1=0.1)",3.18,0.2634,2.68,35.83,38.74,0.0888,0.3982,0.6,0.4808
0.6,0.3,20,DFL-MDD,"DFL-MDD (LB=252, n1=0.2)",8.59,0.547,2.59,36.28,39.05,0.2367,0.417,0.6,0.4233
0.6,0.3,20,DFL-MDD,"DFL-MDD (LB=252, n1=0.3)",5.57,0.3866,2.67,36.19,38.96,0.1539,0.4757,0.6,0.5328
0.6,0.3,20,DFL-MDD,"DFL-MDD (LB=252, n1=0.4)",4.84,0.3483,2.6,37.77,40.67,0.1281,0.5066,0.6,0.3924
0.6,0.3,20,DFL-MDD,"DFL-MDD (LB=504, n1=0.1)",6.27,0.428,2.6,35.29,37.98,0.1778,0.3578,0.6,0.4778
0.6,0.3,20,DFL-MDD,"DFL-MDD (LB=504, n1=0.2)",8.7,0.5495,2.56,36.46,39.46,0.2387,0.4405,0.6,0.4727
0.6,0.3,20,DFL-MDD,"DFL-MDD (LB=504, n1=0.3)",6.67,0.4441,2.6,36.19,38.94,0.1843,0.4613,0.6,0.4758
0.6,0.3,20,DFL-MDD,"DFL-MDD (LB=504, n1=0.4)",6.39,0.4385,2.6,31.81,34.55,0.2008,0.505,0.6,0.4267
0.6,0.3,20,DFL-MVO,DFL-MVO (LB=252),11.52,0.6742,2.64,35.23,37.89,0.3271,0.52,0.6,0.2473
0.6,0.3,20,DFL-MVO,DFL-MVO (LB=504),4.77,0.3542,2.58,34.95,38.82,0.1366,0.52,0.6,0.338
0.6,0.3,20,PTO-MDD,"PTO-MDD (LB=252, n1=0.1)",4.01,0.2813,3.64,64.88,83.92,0.0618,0.5111,0.6,0.0835
0.6,0.3,20,PTO-MDD,"PTO-MDD (LB=252, n1=0.2)",7.52,0.4047,3.76,65.03,83.97,0.1156,0.4966,0.6,0.0805
0.6,0.3,20,PTO-MDD,"PTO-MDD (LB=252, n1=0.3)",2.96,0.2422,3.64,64.86,83.57,0.0457,0.4924,0.6,0.0848
0.6,0.3,20,PTO-MDD,"PTO-MDD (LB=252, n1=0.4)",5.24,0.3241,3.78,65.36,84.55,0.0801,0.5008,0.6,0.0882
0.6,0.3,20,PTO-MDD,"PTO-MDD (LB=504, n1=0.1)",11.57,0.5371,3.77,63.88,81.1,0.1811,0.5056,0.6,0.1027
0.6,0.3,20,PTO-MDD,"PTO-MDD (LB=504, n1=0.2)",7.96,0.4153,3.87,63.88,81.1,0.1246,0.4853,0.6,0.1025
0.6,0.3,20,PTO-MDD,"PTO-MDD (LB=504, n1=0.3)",6.42,0.3641,3.81,64.09,81.32,0.1002,0.4483,0.6,0.1047
0.6,0.3,20,PTO-MDD,"PTO-MDD (LB=504, n1=0.4)",8.08,0.4227,3.74,63.88,81.1,0.1264,0.4734,0.6,0.0996
0.6,0.3,20,PTO-MVO,PTO-MVO (LB=252),7.31,0.4921,2.57,36.04,39.2,0.2029,0.1865,0.3826,0.0803
0.6,0.3,20,PTO-MVO,PTO-MVO (LB=504),5.59,0.3929,2.63,37.4,40.71,0.1494,0.186,0.3098,0.0546
0.6,0.3,20,Benchmark,EW,11.81,0.6503,3.02,38.73,42.74,0.3049,0.1,0.1,0.0327
0.6,0.3,20,Benchmark,GMV (LB=252),7.71,0.5159,2.56,34.82,37.84,0.2214,0.1792,0.3622,0.0798
0.6,0.3,20,Benchmark,hist-MVO (LB=252),10.78,0.6465,2.77,33.66,36.75,0.3204,0.2261,0.4886,0.2701
0.6,0.3,20,Benchmark,GMV (LB=504),6.28,0.4318,2.61,36.16,39.32,0.1736,0.1838,0.2967,0.0531
0.6,0.3,20,Benchmark,hist-MVO (LB=504),7.34,0.4744,2.76,33.64,36.47,0.2183,0.1979,0.4077,0.1495
0.6,0.3,40,DFL-MDD,"DFL-MDD (LB=252, n1=0.1)",2.01,0.2004,2.68,35.92,38.82,0.0559,0.3982,0.6,0.4808
0.6,0.3,40,DFL-MDD,"DFL-MDD (LB=252, n1=0.2)",7.5,0.4911,2.59,36.33,39.11,0.2064,0.417,0.6,0.4233
0.6,0.3,40,DFL-MDD,"DFL-MDD (LB=252, n1=0.3)",4.24,0.3177,2.67,36.29,39.05,0.1168,0.4757,0.6,0.5328
0.6,0.3,40,DFL-MDD,"DFL-MDD (LB=252, n1=0.4)",3.86,0.2976,2.61,37.92,40.82,0.1018,0.5066,0.6,0.3924
0.6,0.3,40,DFL-MDD,"DFL-MDD (LB=504, n1=0.1)",5.07,0.3647,2.6,35.46,38.25,0.143,0.3578,0.6,0.4778
0.6,0.3,40,DFL-MDD,"DFL-MDD (LB=504, n1=0.2)",7.49,0.4875,2.56,36.55,39.54,0.2049,0.4405,0.6,0.4727
0.6,0.3,40,DFL-MDD,"DFL-MDD (LB=504, n1=0.3)",5.47,0.3821,2.6,36.19,38.94,0.1511,0.4613,0.6,0.4758
0.6,0.3,40,DFL-MDD,"DFL-MDD (LB=504, n1=0.4)",5.31,0.3809,2.6,31.81,34.54,0.1669,0.505,0.6,0.4267
0.6,0.3,40,DFL-MVO,DFL-MVO (LB=252),10.87,0.6428,2.64,35.23,37.89,0.3085,0.52,0.6,0.2473
0.6,0.3,40,DFL-MVO,DFL-MVO (LB=504),3.93,0.3081,2.59,35.68,40.05,0.1102,0.52,0.6,0.338
0.6,0.3,40,PTO-MDD,"PTO-MDD (LB=252, n1=0.1)",3.8,0.2736,3.64,64.94,84.1,0.0585,0.5111,0.6,0.0835
0.6,0.3,40,PTO-MDD,"PTO-MDD (LB=252, n1=0.2)",7.31,0.3976,3.76,65.11,84.19,0.1123,0.4966,0.6,0.0805
0.6,0.3,40,PTO-MDD,"PTO-MDD (LB=252, n1=0.3)",2.76,0.2345,3.64,64.95,83.81,0.0424,0.4924,0.6,0.0848
0.6,0.3,40,PTO-MDD,"PTO-MDD (LB=252, n1=0.4)",5.01,0.3163,3.78,65.38,84.61,0.0767,0.5008,0.6,0.0882
0.6,0.3,40,PTO-MDD,"PTO-MDD (LB=504, n1=0.1)",11.3,0.5281,3.77,63.96,81.35,0.1766,0.5056,0.6,0.1027
0.6,0.3,40,PTO-MDD,"PTO-MDD (LB=504, n1=0.2)",7.7,0.4064,3.87,63.96,81.35,0.1203,0.4853,0.6,0.1025
0.6,0.3,40,PTO-MDD,"PTO-MDD (LB=504, n1=0.3)",6.16,0.355,3.81,64.18,81.56,0.096,0.4483,0.6,0.1047
0.6,0.3,40,PTO-MDD,"PTO-MDD (LB=504, n1=0.4)",7.82,0.4139,3.74,63.96,81.35,0.1223,0.4734,0.6,0.0996
0.6,0.3,40,PTO-MVO,PTO-MVO (LB=252),7.11,0.4812,2.57,36.05,39.21,0.1971,0.1865,0.3826,0.0803
0.6,0.3,40,PTO-MVO,PTO-MVO (LB=504),5.45,0.3857,2.63,37.41,40.72,0.1457,0.186,0.3098,0.0546
0.6,0.3,40,Benchmark,EW,11.72,0.6465,3.02,38.74,42.75,0.3026,0.1,0.1,0.0327
0.6,0.3,40,Benchmark,GMV (LB=252),7.51,0.505,2.56,34.84,37.86,0.2155,0.1792,0.3622,0.0798
0.6,0.3,40,Benchmark,hist-MVO (LB=252),10.08,0.6118,2.77,33.71,36.79,0.2989,0.2261,0.4886,0.2701
0.6,0.3,40,Benchmark,GMV (LB=504),6.14,0.4247,2.61,36.17,39.33,0.1699,0.1838,0.2967,0.0531
0.6,0.3,40,Benchmark,hist-MVO (LB=504),6.96,0.4553,2.76,33.66,36.5,0.2069,0.1979,0.4077,0.1495
0.6,0.5,0,DFL-MDD,"DFL-MDD (LB=252, n1=0.1)",8.44,0.5433,2.61,37.13,40.62,0.2272,0.3558,0.6,0.581
0.6,0.5,0,DFL-MDD,"DFL-MDD (LB=252, n1=0.2)",7.5,0.4834,2.61,37.83,40.75,0.1982,0.4297,0.6,0.4851
0.6,0.5,0,DFL-MDD,"DFL-MDD (LB=252, n1=0.3)",7.2,0.4815,2.61,30.78,33.44,0.2341,0.4593,0.6,0.5326
0.6,0.5,0,DFL-MDD,"DFL-MDD (LB=252, n1=0.4)",10.53,0.6292,2.73,37.02,40.25,0.2843,0.4721,0.6,0.6418
0.6,0.5,0,DFL-MDD,"DFL-MDD (LB=504, n1=0.1)",9.27,0.6028,2.46,33.96,36.52,0.2729,0.3458,0.6,0.5455
0.6,0.5,0,DFL-MDD,"DFL-MDD (LB=504, n1=0.2)",10.54,0.6455,2.57,34.48,37.34,0.3056,0.4309,0.6,0.6196
0.6,0.5,0,DFL-MDD,"DFL-MDD (LB=504, n1=0.3)",13.96,0.8147,2.66,31.81,34.57,0.4389,0.4612,0.6,0.4485
0.6,0.5,0,DFL-MDD,"DFL-MDD (LB=504, n1=0.4)",12.0,0.7267,2.54,26.1,28.04,0.4596,0.4655,0.6,0.6459
0.6,0.5,0,DFL-MVO,DFL-MVO (LB=252),9.4,0.5658,2.74,32.53,34.96,0.2888,0.52,0.6,0.4701
0.6,0.5,0,DFL-MVO,DFL-MVO (LB=504),10.0,0.6421,2.48,29.55,31.74,0.3383,0.52,0.6,0.3891
0.6,0.5,0,PTO-MDD,"PTO-MDD (LB=252, n1=0.1)",4.21,0.289,3.64,64.81,83.75,0.065,0.5111,0.6,0.0835
0.6,0.5,0,PTO-MDD,"PTO-MDD (LB=252, n1=0.2)",7.72,0.4119,3.76,64.96,83.75,0.1189,0.4966,0.6,0.0805
0.6,0.5,0,PTO-MDD,"PTO-MDD (LB=252, n1=0.3)",3.17,0.2499,3.64,64.78,83.33,0.049,0.4924,0.6,0.0848
0.6,0.5,0,PTO-MDD,"PTO-MDD (LB=252, n1=0.4)",5.46,0.332,3.78,65.33,84.49,0.0835,0.5008,0.6,0.0882
0.6,0.5,0,PTO-MDD,"PTO-MDD (LB=504, n1=0.1)",11.84,0.546,3.77,63.79,80.85,0.1857,0.5056,0.6,0.1027
0.6,0.5,0,PTO-MDD,"PTO-MDD (LB=504, n1=0.2)",8.22,0.4241,3.87,63.79,80.85,0.1289,0.4853,0.6,0.1025
0.6,0.5,0,PTO-MDD,"PTO-MDD (LB=504, n1=0.3)",6.69,0.3732,3.81,64.0,81.08,0.1045,0.4483,0.6,0.1047
0.6,0.5,0,PTO-MDD,"PTO-MDD (LB=504, n1=0.4)",8.33,0.4315,3.74,63.79,80.85,0.1306,0.4734,0.6,0.0996
0.6,0.5,0,PTO-MVO,PTO-MVO (LB=252),7.52,0.503,2.57,36.02,39.18,0.2086,0.1865,0.3826,0.0803
0.6,0.5,0,PTO-MVO,PTO-MVO (LB=504),5.72,0.4001,2.63,37.39,40.7,0.153,0.186,0.3098,0.0546
0.6,0.5,0,Benchmark,EW,11.9,0.6541,3.02,38.73,42.74,0.3072,0.1,0.1,0.0327
0.6,0.5,0,Benchmark,GMV (LB=252),7.91,0.5268,2.56,34.8,37.82,0.2274,0.1792,0.3622,0.0798
0.6,0.5,0,Benchmark,hist-MVO (LB=252),11.5,0.6811,2.77,33.62,36.7,0.342,0.2261,0.4886,0.2701
0.6,0.5,0,Benchmark,GMV (LB=504),6.41,0.4388,2.61,36.15,39.31,0.1774,0.1838,0.2967,0.0531
0.6,0.5,0,Benchmark,hist-MVO (LB=504),7.73,0.4934,2.76,33.61,36.45,0.2299,0.1979,0.4077,0.1495
0.6,0.5,5,DFL-MDD,"DFL-MDD (LB=252, n1=0.1)",8.06,0.524,2.61,37.2,40.72,0.2167,0.3558,0.6,0.581
0.6,0.5,5,DFL-MDD,"DFL-MDD (LB=252, n1=0.2)",7.19,0.4679,2.61,37.83,40.75,0.19,0.4297,0.6,0.4851
0.6,0.5,5,DFL-MDD,"DFL-MDD (LB=252, n1=0.3)",6.87,0.4637,2.61,30.8,33.46,0.2229,0.4593,0.6,0.5326
0.6,0.5,5,DFL-MDD,"DFL-MDD (LB=252, n1=0.4)",10.11,0.6088,2.73,37.05,40.28,0.2728,0.4721,0.6,0.6418
0.6,0.5,5,DFL-MDD,"DFL-MDD (LB=504, n1=0.1)",8.91,0.5839,2.46,33.97,36.53,0.2624,0.3458,0.6,0.5455
0.6,0.5,5,DFL-MDD,"DFL-MDD (LB=504, n1=0.2)",10.13,0.6251,2.57,34.48,37.34,0.2938,0.4309,0.6,0.6196
0.6,0.5,5,DFL-MDD,"DFL-MDD (LB=504, n1=0.3)",13.66,0.7999,2.66,31.81,34.57,0.4294,0.4612,0.6,0.4485
0.6,0.5,5,DFL-MDD,"DFL-MDD (LB=504, n1=0.4)",11.57,0.705,2.54,26.13,28.07,0.4426,0.4655,0.6,0.6459
0.6,0.5,5,DFL-MVO,DFL-MVO (LB=252),9.09,0.5511,2.74,32.55,34.97,0.2793,0.52,0.6,0.4701
0.6,0.5,5,DFL-MVO,DFL-MVO (LB=504),9.74,0.6286,2.49,29.57,31.75,0.3296,0.52,0.6,0.3891
0.6,0.5,5,PTO-MDD,"PTO-MDD (LB=252, n1=0.1)",4.16,0.2871,3.64,64.83,83.79,0.0642,0.5111,0.6,0.0835
0.6,0.5,5,PTO-MDD,"PTO-MDD (LB=252, n1=0.2)",7.67,0.4101,3.76,64.98,83.8,0.1181,0.4966,0.6,0.0805
0.6,0.5,5,PTO-MDD,"PTO-MDD (LB=252, n1=0.3)",3.12,0.248,3.64,64.8,83.39,0.0481,0.4924,0.6,0.0848
0.6,0.5,5,PTO-MDD,"PTO-MDD (LB=252, n1=0.4)",5.4,0.33,3.78,65.34,84.5,0.0827,0.5008,0.6,0.0882
0.6,0.5,5,PTO-MDD,"PTO-MDD (LB=504, n1=0.1)",11.78,0.5438,3.77,63.81,80.92,0.1845,0.5056,0.6,0.1027
0.6,0.5,5,PTO-MDD,"PTO-MDD (LB=504, n1=0.2)",8.16,0.4219,3.87,63.81,80.92,0.1278,0.4853,0.6,0.1025
0.6,0.5,5,PTO-MDD,"PTO-MDD (LB=504, n1=0.3)",6.62,0.371,3.81,64.02,81.14,0.1034,0.4483,0.6,0.1047
0.6,0.5,5,PTO-MDD,"PTO-MDD (LB=504, n1=0.4)",8.27,0.4293,3.74,63.81,80.92,0.1296,0.4734,0.6,0.0996
0.6,0.5,5,PTO-MVO,PTO-MVO (LB=252),7.47,0.5003,2.57,36.03,39.19,0.2072,0.1865,0.3826,0.0803
0.6,0.5,5,PTO-MVO,PTO-MVO (LB=504),5.69,0.3983,2.63,37.39,40.7,0.1521,0.186,0.3098,0.0546
0.6,0.5,5,Benchmark,EW,11.87,0.6531,3.02,38.73,42.74,0.3066,0.1,0.1,0.0327
0.6,0.5,5,Benchmark,GMV (LB=252),7.86,0.5241,2.56,34.81,37.83,0.2259,0.1792,0.3622,0.0798
0.6,0.5,5,Benchmark,hist-MVO (LB=252),11.32,0.6725,2.77,33.63,36.71,0.3366,0.2261,0.4886,0.2701
0.6,0.5,5,Benchmark,GMV (LB=504),6.38,0.4371,2.61,36.15,39.31,0.1764,0.1838,0.2967,0.0531
0.6,0.5,5,Benchmark,hist-MVO (LB=504),7.63,0.4887,2.76,33.62,36.45,0.227,0.1979,0.4077,0.1495
0.6,0.5,10,DFL-MDD,"DFL-MDD (LB=252, n1=0.1)",7.69,0.5046,2.61,37.27,40.82,0.2063,0.3558,0.6,0.581
0.6,0.5,10,DFL-MDD,"DFL-MDD (LB=252, n1=0.2)",6.88,0.4523,2.61,37.83,40.75,0.1818,0.4297,0.6,0.4851
0.6,0.5,10,DFL-MDD,"DFL-MDD (LB=252, n1=0.3)",6.53,0.4459,2.62,30.83,33.48,0.2118,0.4593,0.6,0.5326
0.6,0.5,10,DFL-MDD,"DFL-MDD (LB=252, n1=0.4)",9.69,0.5884,2.73,37.07,40.3,0.2613,0.4721,0.6,0.6418
0.6,0.5,10,DFL-MDD,"DFL-MDD (LB=504, n1=0.1)",8.56,0.565,2.46,33.98,36.53,0.252,0.3458,0.6,0.5455
0.6,0.5,10,DFL-MDD,"DFL-MDD (LB=504, n1=0.2)",9.72,0.6046,2.57,34.49,37.35,0.282,0.4309,0.6,0.6196
0.6,0.5,10,DFL-MDD,"DFL-MDD (LB=504, n1=0.3)",13.36,0.7851,2.66,31.81,34.57,0.4199,0.4612,0.6,0.4485
0.6,0.5,10,DFL-MDD,"DFL-MDD (LB=504, n1=0.4)",11.14,0.6833,2.54,26.16,28.1,0.4258,0.4655,0.6,0.6459
0.6,0.5,10,DFL-MVO,DFL-MVO (LB=252),8.79,0.5364,2.74,32.56,34.98,0.2699,0.52,0.6,0.4701
0.6,0.5,10,DFL-MVO,DFL-MVO (LB=504),9.49,0.615,2.49,29.62,31.78,0.3205,0.52,0.6,0.3891
0.6,0.5,10,PTO-MDD,"PTO-MDD (LB=252, n1=0.1)",4.11,0.2852,3.64,64.84,83.83,0.0634,0.5111,0.6,0.0835
0.6,0.5,10,PTO-MDD,"PTO-MDD (LB=252, n1=0.2)",7.62,0.4083,3.76,65.0,83.86,0.1172,0.4966,0.6,0.0805
0.6,0.5,10,PTO-MDD,"PTO-MDD (LB=252, n1=0.3)",3.07,0.2461,3.64,64.82,83.45,0.0473,0.4924,0.6,0.0848
0.6,0.5,10,PTO-MDD,"PTO-MDD (LB=252, n1=0.4)",5.35,0.3281,3.78,65.35,84.52,0.0818,0.5008,0.6,0.0882
0.6,0.5,10,PTO-MDD,"PTO-MDD (LB=504, n1=0.1)",11.71,0.5416,3.77,63.83,80.98,0.1834,0.5056,0.6,0.1027
0.6,0.5,10,PTO-MDD,"PTO-MDD (LB=504, n1=0.2)",8.09,0.4197,3.87,63.83,80.98,0.1268,0.4853,0.6,0.1025
0.6,0.5,10,PTO-MDD,"PTO-MDD (LB=504, n1=0.3)",6.56,0.3687,3.81,64.04,81.2,0.1024,0.4483,0.6,0.1047
0.6,0.5,10,PTO-MDD,"PTO-MDD (LB=504, n1=0.4)",8.2,0.4271,3.74,63.83,80.98,0.1285,0.4734,0.6,0.0996
0.6,0.5,10,PTO-MVO,PTO-MVO (LB=252),7.41,0.4975,2.57,36.03,39.19,0.2058,0.1865,0.3826,0.0803
0.6,0.5,10,PTO-MVO,PTO-MVO (LB=504),5.65,0.3965,2.63,37.4,40.7,0.1512,0.186,0.3098,0.0546
0.6,0.5,10,Benchmark,EW,11.85,0.6522,3.02,38.73,42.74,0.306,0.1,0.1,0.0327
0.6,0.5,10,Benchmark,GMV (LB=252),7.81,0.5214,2.56,34.81,37.83,0.2244,0.1792,0.3622,0.0798
0.6,0.5,10,Benchmark,hist-MVO (LB=252),11.14,0.6638,2.77,33.64,36.72,0.3312,0.2261,0.4886,0.2701
0.6,0.5,10,Benchmark,GMV (LB=504),6.34,0.4353,2.61,36.15,39.31,0.1755,0.1838,0.2967,0.0531
0.6,0.5,10,Benchmark,hist-MVO (LB=504),7.54,0.4839,2.76,33.62,36.46,0.2241,0.1979,0.4077,0.1495
0.6,0.5,20,DFL-MDD,"DFL-MDD (LB=252, n1=0.1)",6.95,0.4659,2.61,37.41,41.03,0.1857,0.3558,0.6,0.581
0.6,0.5,20,DFL-MDD,"DFL-MDD (LB=252, n1=0.2)",6.27,0.421,2.61,37.84,40.76,0.1656,0.4297,0.6,0.4851
0.6,0.5,20,DFL-MDD,"DFL-MDD (LB=252, n1=0.3)",5.86,0.4102,2.62,30.97,33.6,0.1891,0.4593,0.6,0.5326
0.6,0.5,20,DFL-MDD,"DFL-MDD (LB=252, n1=0.4)",8.85,0.5475,2.74,37.12,40.34,0.2385,0.4721,0.6,0.6418
0.6,0.5,20,DFL-MDD,"DFL-MDD (LB=504, n1=0.1)",7.86,0.5271,2.46,33.99,36.54,0.2312,0.3458,0.6,0.5455
0.6,0.5,20,DFL-MDD,"DFL-MDD (LB=504, n1=0.2)",8.92,0.5636,2.57,34.5,37.36,0.2585,0.4309,0.6,0.6196
0.6,0.5,20,DFL-MDD,"DFL-MDD (LB=504, n1=0.3)",12.75,0.7554,2.66,31.81,34.57,0.4009,0.4612,0.6,0.4485
0.6,0.5,20,DFL-MDD,"DFL-MDD (LB=504, n1=0.4)",10.29,0.6399,2.54,26.22,28.16,0.3924,0.4655,0.6,0.6459
0.6,0.5,20,DFL-MVO,DFL-MVO (LB=252),8.18,0.5069,2.75,32.58,35.01,0.2511,0.52,0.6,0.4701
0.6,0.5,20,DFL-MVO,DFL-MVO (LB=504),8.99,0.5878,2.49,29.78,32.01,0.3017,0.52,0.6,0.3891
0.6,0.5,20,PTO-MDD,"PTO-MDD (LB=252, n1=0.1)",4.01,0.2813,3.64,64.88,83.92,0.0618,0.5111,0.6,0.0835
0.6,0.5,20,PTO-MDD,"PTO-MDD (LB=252, n1=0.2)",7.52,0.4047,3.76,65.03,83.97,0.1156,0.4966,0.6,0.0805
0.6,0.5,20,PTO-MDD,"PTO-MDD (LB=252, n1=0.3)",2.96,0.2422,3.64,64.86,83.57,0.0457,0.4924,0.6,0.0848
0.6,0.5,20,PTO-MDD,"PTO-MDD (LB=252, n1=0.4)",5.24,0.3241,3.78,65.36,84.55,0.0801,0.5008,0.6,0.0882
0.6,0.5,20,PTO-MDD,"PTO-MDD (LB=504, n1=0.1)",11.57,0.5371,3.77,63.88,81.1,0.1811,0.5056,0.6,0.1027
0.6,0.5,20,PTO-MDD,"PTO-MDD (LB=504, n1=0.2)",7.96,0.4153,3.87,63.88,81.1,0.1246,0.4853,0.6,0.1025
0.6,0.5,20,PTO-MDD,"PTO-MDD (LB=504, n1=0.3)",6.42,0.3641,3.81,64.09,81.32,0.1002,0.4483,0.6,0.1047
0.6,0.5,20,PTO-MDD,"PTO-MDD (LB=504, n1=0.4)",8.08,0.4227,3.74,63.88,81.1,0.1264,0.4734,0.6,0.0996
0.6,0.5,20,PTO-MVO,PTO-MVO (LB=252),7.31,0.4921,2.57,36.04,39.2,0.2029,0.1865,0.3826,0.0803
0.6,0.5,20,PTO-MVO,PTO-MVO (LB=504),5.59,0.3929,2.63,37.4,40.71,0.1494,0.186,0.3098,0.0546
0.6,0.5,20,Benchmark,EW,11.81,0.6503,3.02,38.73,42.74,0.3049,0.1,0.1,0.0327
0.6,0.5,20,Benchmark,GMV (LB=252),7.71,0.5159,2.56,34.82,37.84,0.2214,0.1792,0.3622,0.0798
0.6,0.5,20,Benchmark,hist-MVO (LB=252),10.78,0.6465,2.77,33.66,36.75,0.3204,0.2261,0.4886,0.2701
0.6,0.5,20,Benchmark,GMV (LB=504),6.28,0.4318,2.61,36.16,39.32,0.1736,0.1838,0.2967,0.0531
0.6,0.5,20,Benchmark,hist-MVO (LB=504),7.34,0.4744,2.76,33.64,36.47,0.2183,0.1979,0.4077,0.1495
0.6,0.5,40,DFL-MDD,"DFL-MDD (LB=252, n1=0.1)",5.48,0.3882,2.62,37.7,41.44,0.1454,0.3558,0.6,0.581
0.6,0.5,40,DFL-MDD,"DFL-MDD (LB=252, n1=0.2)",5.05,0.3585,2.61,37.86,40.78,0.1333,0.4297,0.6,0.4851
0.6,0.5,40,DFL-MDD,"DFL-MDD (LB=252, n1=0.3)",4.52,0.3385,2.62,31.4,34.17,0.144,0.4593,0.6,0.5326
0.6,0.5,40,DFL-MDD,"DFL-MDD (LB=252, n1=0.4)",7.2,0.4654,2.74,37.22,40.43,0.1935,0.4721,0.6,0.6418
0.6,0.5,40,DFL-MDD,"DFL-MDD (LB=504, n1=0.1)",6.47,0.4512,2.46,34.02,36.57,0.1902,0.3458,0.6,0.5455
0.6,0.5,40,DFL-MDD,"DFL-MDD (LB=504, n1=0.2)",7.33,0.4815,2.58,34.52,37.38,0.2122,0.4309,0.6,0.6196
0.6,0.5,40,DFL-MDD,"DFL-MDD (LB=504, n1=0.3)",11.56,0.6957,2.67,31.81,34.57,0.3633,0.4612,0.6,0.4485
0.6,0.5,40,DFL-MDD,"DFL-MDD (LB=504, n1=0.4)",8.61,0.5528,2.55,26.34,28.29,0.3267,0.4655,0.6,0.6459
0.6,0.5,40,DFL-MVO,DFL-MVO (LB=252),6.98,0.4479,2.76,32.64,35.29,0.2137,0.52,0.6,0.4701
0.6,0.5,40,DFL-MVO,DFL-MVO (LB=504),7.98,0.5332,2.49,30.12,32.47,0.2649,0.52,0.6,0.3891
0.6,0.5,40,PTO-MDD,"PTO-MDD (LB=252, n1=0.1)",3.8,0.2736,3.64,64.94,84.1,0.0585,0.5111,0.6,0.0835
0.6,0.5,40,PTO-MDD,"PTO-MDD (LB=252, n1=0.2)",7.31,0.3976,3.76,65.11,84.19,0.1123,0.4966,0.6,0.0805
0.6,0.5,40,PTO-MDD,"PTO-MDD (LB=252, n1=0.3)",2.76,0.2345,3.64,64.95,83.81,0.0424,0.4924,0.6,0.0848
0.6,0.5,40,PTO-MDD,"PTO-MDD (LB=252, n1=0.4)",5.01,0.3163,3.78,65.38,84.61,0.0767,0.5008,0.6,0.0882
0.6,0.5,40,PTO-MDD,"PTO-MDD (LB=504, n1=0.1)",11.3,0.5281,3.77,63.96,81.35,0.1766,0.5056,0.6,0.1027
0.6,0.5,40,PTO-MDD,"PTO-MDD (LB=504, n1=0.2)",7.7,0.4064,3.87,63.96,81.35,0.1203,0.4853,0.6,0.1025
0.6,0.5,40,PTO-MDD,"PTO-MDD (LB=504, n1=0.3)",6.16,0.355,3.81,64.18,81.56,0.096,0.4483,0.6,0.1047
0.6,0.5,40,PTO-MDD,"PTO-MDD (LB=504, n1=0.4)",7.82,0.4139,3.74,63.96,81.35,0.1223,0.4734,0.6,0.0996
0.6,0.5,40,PTO-MVO,PTO-MVO (LB=252),7.11,0.4812,2.57,36.05,39.21,0.1971,0.1865,0.3826,0.0803
0.6,0.5,40,PTO-MVO,PTO-MVO (LB=504),5.45,0.3857,2.63,37.41,40.72,0.1457,0.186,0.3098,0.0546
0.6,0.5,40,Benchmark,EW,11.72,0.6465,3.02,38.74,42.75,0.3026,0.1,0.1,0.0327
0.6,0.5,40,Benchmark,GMV (LB=252),7.51,0.505,2.56,34.84,37.86,0.2155,0.1792,0.3622,0.0798
0.6,0.5,40,Benchmark,hist-MVO (LB=252),10.08,0.6118,2.77,33.71,36.79,0.2989,0.2261,0.4886,0.2701
0.6,0.5,40,Benchmark,GMV (LB=504),6.14,0.4247,2.61,36.17,39.33,0.1699,0.1838,0.2967,0.0531
0.6,0.5,40,Benchmark,hist-MVO (LB=504),6.96,0.4553,2.76,33.66,36.5,0.2069,0.1979,0.4077,0.1495
0.6,0.7,0,DFL-MDD,"DFL-MDD (LB=252, n1=0.1)",8.41,0.5176,2.68,41.79,45.53,0.2013,0.3022,0.6,0.505
0.6,0.7,0,DFL-MDD,"DFL-MDD (LB=252, n1=0.2)",9.6,0.5854,2.65,36.39,39.65,0.2638,0.3874,0.6,0.4472
0.6,0.7,0,DFL-MDD,"DFL-MDD (LB=252, n1=0.3)",8.48,0.5423,2.69,33.13,36.33,0.2561,0.4677,0.6,0.4769
0.6,0.7,0,DFL-MDD,"DFL-MDD (LB=252, n1=0.4)",5.35,0.365,2.82,37.75,40.67,0.1417,0.4853,0.6,0.4394
0.6,0.7,0,DFL-MDD,"DFL-MDD (LB=504, n1=0.1)",10.42,0.6218,2.72,38.86,42.73,0.268,0.2658,0.6,0.5217
0.6,0.7,0,DFL-MDD,"DFL-MDD (LB=504, n1=0.2)",7.91,0.517,2.47,34.53,37.22,0.229,0.4011,0.6,0.4875
0.6,0.7,0,DFL-MDD,"DFL-MDD (LB=504, n1=0.3)",7.67,0.49,2.67,36.34,39.22,0.211,0.4355,0.6,0.4985
0.6,0.7,0,DFL-MDD,"DFL-MDD (LB=504, n1=0.4)",8.45,0.5045,2.99,31.81,34.57,0.2657,0.4754,0.6,0.4682
0.6,0.7,0,DFL-MVO,DFL-MVO (LB=252),15.07,0.7581,3.22,36.49,42.69,0.413,0.52,0.6,0.3444
0.6,0.7,0,DFL-MVO,DFL-MVO (LB=504),9.63,0.6109,2.55,30.3,33.74,0.3179,0.52,0.6,0.4299
0.6,0.7,0,PTO-MDD,"PTO-MDD (LB=252, n1=0.1)",4.21,0.289,3.64,64.81,83.75,0.065,0.5111,0.6,0.0835
0.6,0.7,0,PTO-MDD,"PTO-MDD (LB=252, n1=0.2)",7.72,0.4119,3.76,64.96,83.75,0.1189,0.4966,0.6,0.0805
0.6,0.7,0,PTO-MDD,"PTO-MDD (LB=252, n1=0.3)",3.17,0.2499,3.64,64.78,83.33,0.049,0.4924,0.6,0.0848
0.6,0.7,0,PTO-MDD,"PTO-MDD (LB=252, n1=0.4)",5.46,0.332,3.78,65.33,84.49,0.0835,0.5008,0.6,0.0882
0.6,0.7,0,PTO-MDD,"PTO-MDD (LB=504, n1=0.1)",11.84,0.546,3.77,63.79,80.85,0.1857,0.5056,0.6,0.1027
0.6,0.7,0,PTO-MDD,"PTO-MDD (LB=504, n1=0.2)",8.22,0.4241,3.87,63.79,80.85,0.1289,0.4853,0.6,0.1025
0.6,0.7,0,PTO-MDD,"PTO-MDD (LB=504, n1=0.3)",6.69,0.3732,3.81,64.0,81.08,0.1045,0.4483,0.6,0.1047
0.6,0.7,0,PTO-MDD,"PTO-MDD (LB=504, n1=0.4)",8.33,0.4315,3.74,63.79,80.85,0.1306,0.4734,0.6,0.0996
0.6,0.7,0,PTO-MVO,PTO-MVO (LB=252),7.52,0.503,2.57,36.02,39.18,0.2086,0.1865,0.3826,0.0803
0.6,0.7,0,PTO-MVO,PTO-MVO (LB=504),5.72,0.4001,2.63,37.39,40.7,0.153,0.186,0.3098,0.0546
0.6,0.7,0,Benchmark,EW,11.9,0.6541,3.02,38.73,42.74,0.3072,0.1,0.1,0.0327
0.6,0.7,0,Benchmark,GMV (LB=252),7.91,0.5268,2.56,34.8,37.82,0.2274,0.1792,0.3622,0.0798
0.6,0.7,0,Benchmark,hist-MVO (LB=252),11.5,0.6811,2.77,33.62,36.7,0.342,0.2261,0.4886,0.2701
0.6,0.7,0,Benchmark,GMV (LB=504),6.41,0.4388,2.61,36.15,39.31,0.1774,0.1838,0.2967,0.0531
0.6,0.7,0,Benchmark,hist-MVO (LB=504),7.73,0.4934,2.76,33.61,36.45,0.2299,0.1979,0.4077,0.1495
0.6,0.7,5,DFL-MDD,"DFL-MDD (LB=252, n1=0.1)",8.09,0.5019,2.68,41.81,45.55,0.1934,0.3022,0.6,0.505
0.6,0.7,5,DFL-MDD,"DFL-MDD (LB=252, n1=0.2)",9.31,0.5712,2.65,36.4,39.65,0.2558,0.3874,0.6,0.4472
0.6,0.7,5,DFL-MDD,"DFL-MDD (LB=252, n1=0.3)",8.18,0.5265,2.69,33.17,36.38,0.2465,0.4677,0.6,0.4769
0.6,0.7,5,DFL-MDD,"DFL-MDD (LB=252, n1=0.4)",5.08,0.3515,2.82,37.75,40.66,0.1345,0.4853,0.6,0.4394
0.6,0.7,5,DFL-MDD,"DFL-MDD (LB=504, n1=0.1)",10.07,0.6054,2.72,38.89,42.76,0.259,0.2658,0.6,0.5217
0.6,0.7,5,DFL-MDD,"DFL-MDD (LB=504, n1=0.2)",7.6,0.5008,2.47,34.55,37.24,0.2198,0.4011,0.6,0.4875
0.6,0.7,5,DFL-MDD,"DFL-MDD (LB=504, n1=0.3)",7.35,0.4741,2.67,36.37,39.25,0.2021,0.4355,0.6,0.4985
0.6,0.7,5,DFL-MDD,"DFL-MDD (LB=504, n1=0.4)",8.15,0.4907,2.99,31.81,34.57,0.2562,0.4754,0.6,0.4682
0.6,0.7,5,DFL-MVO,DFL-MVO (LB=252),14.83,0.7486,3.22,36.53,42.75,0.4061,0.52,0.6,0.3444
0.6,0.7,5,DFL-MVO,DFL-MVO (LB=504),9.35,0.5965,2.55,30.4,33.87,0.3076,0.52,0.6,0.4299
0.6,0.7,5,PTO-MDD,"PTO-MDD (LB=252, n1=0.1)",4.16,0.2871,3.64,64.83,83.79,0.0642,0.5111,0.6,0.0835
0.6,0.7,5,PTO-MDD,"PTO-MDD (LB=252, n1=0.2)",7.67,0.4101,3.76,64.98,83.8,0.1181,0.4966,0.6,0.0805
0.6,0.7,5,PTO-MDD,"PTO-MDD (LB=252, n1=0.3)",3.12,0.248,3.64,64.8,83.39,0.0481,0.4924,0.6,0.0848
0.6,0.7,5,PTO-MDD,"PTO-MDD (LB=252, n1=0.4)",5.4,0.33,3.78,65.34,84.5,0.0827,0.5008,0.6,0.0882
0.6,0.7,5,PTO-MDD,"PTO-MDD (LB=504, n1=0.1)",11.78,0.5438,3.77,63.81,80.92,0.1845,0.5056,0.6,0.1027
0.6,0.7,5,PTO-MDD,"PTO-MDD (LB=504, n1=0.2)",8.16,0.4219,3.87,63.81,80.92,0.1278,0.4853,0.6,0.1025
0.6,0.7,5,PTO-MDD,"PTO-MDD (LB=504, n1=0.3)",6.62,0.371,3.81,64.02,81.14,0.1034,0.4483,0.6,0.1047
0.6,0.7,5,PTO-MDD,"PTO-MDD (LB=504, n1=0.4)",8.27,0.4293,3.74,63.81,80.92,0.1296,0.4734,0.6,0.0996
0.6,0.7,5,PTO-MVO,PTO-MVO (LB=252),7.47,0.5003,2.57,36.03,39.19,0.2072,0.1865,0.3826,0.0803
0.6,0.7,5,PTO-MVO,PTO-MVO (LB=504),5.69,0.3983,2.63,37.39,40.7,0.1521,0.186,0.3098,0.0546
0.6,0.7,5,Benchmark,EW,11.87,0.6531,3.02,38.73,42.74,0.3066,0.1,0.1,0.0327
0.6,0.7,5,Benchmark,GMV (LB=252),7.86,0.5241,2.56,34.81,37.83,0.2259,0.1792,0.3622,0.0798
0.6,0.7,5,Benchmark,hist-MVO (LB=252),11.32,0.6725,2.77,33.63,36.71,0.3366,0.2261,0.4886,0.2701
0.6,0.7,5,Benchmark,GMV (LB=504),6.38,0.4371,2.61,36.15,39.31,0.1764,0.1838,0.2967,0.0531
0.6,0.7,5,Benchmark,hist-MVO (LB=504),7.63,0.4887,2.76,33.62,36.45,0.227,0.1979,0.4077,0.1495
0.6,0.7,10,DFL-MDD,"DFL-MDD (LB=252, n1=0.1)",7.76,0.4862,2.68,41.82,45.57,0.1856,0.3022,0.6,0.505
0.6,0.7,10,DFL-MDD,"DFL-MDD (LB=252, n1=0.2)",9.02,0.5569,2.65,36.4,39.66,0.2478,0.3874,0.6,0.4472
0.6,0.7,10,DFL-MDD,"DFL-MDD (LB=252, n1=0.3)",7.87,0.5107,2.69,33.21,36.42,0.237,0.4677,0.6,0.4769
0.6,0.7,10,DFL-MDD,"DFL-MDD (LB=252, n1=0.4)",4.8,0.3381,2.82,37.75,40.66,0.1272,0.4853,0.6,0.4394
0.6,0.7,10,DFL-MDD,"DFL-MDD (LB=504, n1=0.1)",9.73,0.5889,2.72,38.92,42.79,0.2501,0.2658,0.6,0.5217
0.6,0.7,10,DFL-MDD,"DFL-MDD (LB=504, n1=0.2)",7.28,0.4845,2.47,34.58,37.27,0.2106,0.4011,0.6,0.4875
0.6,0.7,10,DFL-MDD,"DFL-MDD (LB=504, n1=0.3)",7.03,0.4582,2.68,36.4,39.27,0.1932,0.4355,0.6,0.4985
0.6,0.7,10,DFL-MDD,"DFL-MDD (LB=504, n1=0.4)",7.85,0.4768,2.99,31.81,34.57,0.2468,0.4754,0.6,0.4682
0.6,0.7,10,DFL-MVO,DFL-MVO (LB=252),14.6,0.7392,3.22,36.57,42.81,0.3992,0.52,0.6,0.3444
0.6,0.7,10,DFL-MVO,DFL-MVO (LB=504),9.07,0.582,2.55,30.5,34.0,0.2975,0.52,0.6,0.4299
0.6,0.7,10,PTO-MDD,"PTO-MDD (LB=252, n1=0.1)",4.11,0.2852,3.64,64.84,83.83,0.0634,0.5111,0.6,0.0835
0.6,0.7,10,PTO-MDD,"PTO-MDD (LB=252, n1=0.2)",7.62,0.4083,3.76,65.0,83.86,0.1172,0.4966,0.6,0.0805
0.6,0.7,10,PTO-MDD,"PTO-MDD (LB=252, n1=0.3)",3.07,0.2461,3.64,64.82,83.45,0.0473,0.4924,0.6,0.0848
0.6,0.7,10,PTO-MDD,"PTO-MDD (LB=252, n1=0.4)",5.35,0.3281,3.78,65.35,84.52,0.0818,0.5008,0.6,0.0882
0.6,0.7,10,PTO-MDD,"PTO-MDD (LB=504, n1=0.1)",11.71,0.5416,3.77,63.83,80.98,0.1834,0.5056,0.6,0.1027
0.6,0.7,10,PTO-MDD,"PTO-MDD (LB=504, n1=0.2)",8.09,0.4197,3.87,63.83,80.98,0.1268,0.4853,0.6,0.1025
0.6,0.7,10,PTO-MDD,"PTO-MDD (LB=504, n1=0.3)",6.56,0.3687,3.81,64.04,81.2,0.1024,0.4483,0.6,0.1047
0.6,0.7,10,PTO-MDD,"PTO-MDD (LB=504, n1=0.4)",8.2,0.4271,3.74,63.83,80.98,0.1285,0.4734,0.6,0.0996
0.6,0.7,10,PTO-MVO,PTO-MVO (LB=252),7.41,0.4975,2.57,36.03,39.19,0.2058,0.1865,0.3826,0.0803
0.6,0.7,10,PTO-MVO,PTO-MVO (LB=504),5.65,0.3965,2.63,37.4,40.7,0.1512,0.186,0.3098,0.0546
0.6,0.7,10,Benchmark,EW,11.85,0.6522,3.02,38.73,42.74,0.306,0.1,0.1,0.0327
0.6,0.7,10,Benchmark,GMV (LB=252),7.81,0.5214,2.56,34.81,37.83,0.2244,0.1792,0.3622,0.0798
0.6,0.7,10,Benchmark,hist-MVO (LB=252),11.14,0.6638,2.77,33.64,36.72,0.3312,0.2261,0.4886,0.2701
0.6,0.7,10,Benchmark,GMV (LB=504),6.34,0.4353,2.61,36.15,39.31,0.1755,0.1838,0.2967,0.0531
0.6,0.7,10,Benchmark,hist-MVO (LB=504),7.54,0.4839,2.76,33.62,36.46,0.2241,0.1979,0.4077,0.1495
0.6,0.7,20,DFL-MDD,"DFL-MDD (LB=252, n1=0.1)",7.12,0.4548,2.68,41.86,45.6,0.17,0.3022,0.6,0.505
0.6,0.7,20,DFL-MDD,"DFL-MDD (LB=252, n1=0.2)",8.44,0.5283,2.65,36.41,39.67,0.2318,0.3874,0.6,0.4472
0.6,0.7,20,DFL-MDD,"DFL-MDD (LB=252, n1=0.3)",7.26,0.4791,2.7,33.29,36.52,0.2181,0.4677,0.6,0.4769
0.6,0.7,20,DFL-MDD,"DFL-MDD (LB=252, n1=0.4)",4.26,0.3112,2.83,37.75,40.65,0.1128,0.4853,0.6,0.4394
0.6,0.7,20,DFL-MDD,"DFL-MDD (LB=504, n1=0.1)",9.06,0.5559,2.72,38.98,42.85,0.2323,0.2658,0.6,0.5217
0.6,0.7,20,DFL-MDD,"DFL-MDD (LB=504, n1=0.2)",6.66,0.4519,2.47,34.63,37.31,0.1925,0.4011,0.6,0.4875
0.6,0.7,20,DFL-MDD,"DFL-MDD (LB=504, n1=0.3)",6.4,0.4264,2.68,36.45,39.33,0.1756,0.4355,0.6,0.4985
0.6,0.7,20,DFL-MDD,"DFL-MDD (LB=504, n1=0.4)",7.25,0.4491,2.99,31.81,34.57,0.228,0.4754,0.6,0.4682
0.6,0.7,20,DFL-MVO,DFL-MVO (LB=252),14.13,0.7202,3.22,36.66,42.94,0.3855,0.52,0.6,0.3444
0.6,0.7,20,DFL-MVO,DFL-MVO (LB=504),8.52,0.5529,2.55,30.7,34.26,0.2774,0.52,0.6,0.4299
0.6,0.7,20,PTO-MDD,"PTO-MDD (LB=252, n1=0.1)",4.01,0.2813,3.64,64.88,83.92,0.0618,0.5111,0.6,0.0835
0.6,0.7,20,PTO-MDD,"PTO-MDD (LB=252, n1=0.2)",7.52,0.4047,3.76,65.03,83.97,0.1156,0.4966,0.6,0.0805
0.6,0.7,20,PTO-MDD,"PTO-MDD (LB=252, n1=0.3)",2.96,0.2422,3.64,64.86,83.57,0.0457,0.4924,0.6,0.0848
0.6,0.7,20,PTO-MDD,"PTO-MDD (LB=252, n1=0.4)",5.24,0.3241,3.78,65.36,84.55,0.0801,0.5008,0.6,0.0882
0.6,0.7,20,PTO-MDD,"PTO-MDD (LB=504, n1=0.1)",11.57,0.5371,3.77,63.88,81.1,0.1811,0.5056,0.6,0.1027
0.6,0.7,20,PTO-MDD,"PTO-MDD (LB=504, n1=0.2)",7.96,0.4153,3.87,63.88,81.1,0.1246,0.4853,0.6,0.1025
0.6,0.7,20,PTO-MDD,"PTO-MDD (LB=504, n1=0.3)",6.42,0.3641,3.81,64.09,81.32,0.1002,0.4483,0.6,0.1047
0.6,0.7,20,PTO-MDD,"PTO-MDD (LB=504, n1=0.4)",8.08,0.4227,3.74,63.88,81.1,0.1264,0.4734,0.6,0.0996
0.6,0.7,20,PTO-MVO,PTO-MVO (LB=252),7.31,0.4921,2.57,36.04,39.2,0.2029,0.1865,0.3826,0.0803
0.6,0.7,20,PTO-MVO,PTO-MVO (LB=504),5.59,0.3929,2.63,37.4,40.71,0.1494,0.186,0.3098,0.0546
0.6,0.7,20,Benchmark,EW,11.81,0.6503,3.02,38.73,42.74,0.3049,0.1,0.1,0.0327
0.6,0.7,20,Benchmark,GMV (LB=252),7.71,0.5159,2.56,34.82,37.84,0.2214,0.1792,0.3622,0.0798
0.6,0.7,20,Benchmark,hist-MVO (LB=252),10.78,0.6465,2.77,33.66,36.75,0.3204,0.2261,0.4886,0.2701
0.6,0.7,20,Benchmark,GMV (LB=504),6.28,0.4318,2.61,36.16,39.32,0.1736,0.1838,0.2967,0.0531
0.6,0.7,20,Benchmark,hist-MVO (LB=504),7.34,0.4744,2.76,33.64,36.47,0.2183,0.1979,0.4077,0.1495
0.6,0.7,40,DFL-MDD,"DFL-MDD (LB=252, n1=0.1)",5.84,0.3918,2.69,41.93,45.67,0.1392,0.3022,0.6,0.505
0.6,0.7,40,DFL-MDD,"DFL-MDD (LB=252, n1=0.2)",7.29,0.471,2.66,36.44,39.69,0.2001,0.3874,0.6,0.4472
0.6,0.7,40,DFL-MDD,"DFL-MDD (LB=252, n1=0.3)",6.05,0.4158,2.71,33.45,36.71,0.1809,0.4677,0.6,0.4769
0.6,0.7,40,DFL-MDD,"DFL-MDD (LB=252, n1=0.4)",3.17,0.2575,2.84,37.75,40.64,0.084,0.4853,0.6,0.4394
0.6,0.7,40,DFL-MDD,"DFL-MDD (LB=504, n1=0.1)",7.71,0.4897,2.72,39.11,42.97,0.1972,0.2658,0.6,0.5217
0.6,0.7,40,DFL-MDD,"DFL-MDD (LB=504, n1=0.2)",5.43,0.3865,2.47,34.72,37.4,0.1565,0.4011,0.6,0.4875
0.6,0.7,40,DFL-MDD,"DFL-MDD (LB=504, n1=0.3)",5.14,0.3625,2.68,36.55,39.43,0.1408,0.4355,0.6,0.4985
0.6,0.7,40,DFL-MDD,"DFL-MDD (LB=504, n1=0.4)",6.06,0.3935,3.0,31.81,34.57,0.1906,0.4754,0.6,0.4682
0.6,0.7,40,DFL-MVO,DFL-MVO (LB=252),13.2,0.682,3.22,36.83,43.19,0.3584,0.52,0.6,0.3444
0.6,0.7,40,DFL-MVO,DFL-MVO (LB=504),7.41,0.4946,2.56,31.1,34.79,0.2383,0.52,0.6,0.4299
0.6,0.7,40,PTO-MDD,"PTO-MDD (LB=252, n1=0.1)",3.8,0.2736,3.64,64.94,84.1,0.0585,0.5111,0.6,0.0835
0.6,0.7,40,PTO-MDD,"PTO-MDD (LB=252, n1=0.2)",7.31,0.3976,3.76,65.11,84.19,0.1123,0.4966,0.6,0.0805
0.6,0.7,40,PTO-MDD,"PTO-MDD (LB=252, n1=0.3)",2.76,0.2345,3.64,64.95,83.81,0.0424,0.4924,0.6,0.0848
0.6,0.7,40,PTO-MDD,"PTO-MDD (LB=252, n1=0.4)",5.01,0.3163,3.78,65.38,84.61,0.0767,0.5008,0.6,0.0882
0.6,0.7,40,PTO-MDD,"PTO-MDD (LB=504, n1=0.1)",11.3,0.5281,3.77,63.96,81.35,0.1766,0.5056,0.6,0.1027
0.6,0.7,40,PTO-MDD,"PTO-MDD (LB=504, n1=0.2)",7.7,0.4064,3.87,63.96,81.35,0.1203,0.4853,0.6,0.1025
0.6,0.7,40,PTO-MDD,"PTO-MDD (LB=504, n1=0.3)",6.16,0.355,3.81,64.18,81.56,0.096,0.4483,0.6,0.1047
0.6,0.7,40,PTO-MDD,"PTO-MDD (LB=504, n1=0.4)",7.82,0.4139,3.74,63.96,81.35,0.1223,0.4734,0.6,0.0996
0.6,0.7,40,PTO-MVO,PTO-MVO (LB=252),7.11,0.4812,2.57,36.05,39.21,0.1971,0.1865,0.3826,0.0803
0.6,0.7,40,PTO-MVO,PTO-MVO (LB=504),5.45,0.3857,2.63,37.41,40.72,0.1457,0.186,0.3098,0.0546
0.6,0.7,40,Benchmark,EW,11.72,0.6465,3.02,38.74,42.75,0.3026,0.1,0.1,0.0327
0.6,0.7,40,Benchmark,GMV (LB=252),7.51,0.505,2.56,34.84,37.86,0.2155,0.1792,0.3622,0.0798
0.6,0.7,40,Benchmark,hist-MVO (LB=252),10.08,0.6118,2.77,33.71,36.79,0.2989,0.2261,0.4886,0.2701
0.6,0.7,40,Benchmark,GMV (LB=504),6.14,0.4247,2.61,36.17,39.33,0.1699,0.1838,0.2967,0.0531
0.6,0.7,40,Benchmark,hist-MVO (LB=504),6.96,0.4553,2.76,33.66,36.5,0.2069,0.1979,0.4077,0.1495
0.6,1.0,0,DFL-MDD,"DFL-MDD (LB=252, n1=0.1)",11.18,0.6408,2.86,41.75,46.78,0.2677,0.2615,0.5398,0.4684
0.6,1.0,0,DFL-MDD,"DFL-MDD (LB=252, n1=0.2)",7.97,0.4756,3.02,40.01,44.09,0.1992,0.3061,0.6,0.5047
0.6,1.0,0,DFL-MDD,"DFL-MDD (LB=252, n1=0.3)",11.96,0.6526,3.1,38.14,42.51,0.3137,0.4496,0.6,0.5907
0.6,1.0,0,DFL-MDD,"DFL-MDD (LB=252, n1=0.4)",6.37,0.4052,2.95,36.28,39.52,0.1756,0.488,0.6,0.4498
0.6,1.0,0,DFL-MDD,"DFL-MDD (LB=504, n1=0.1)",8.99,0.548,2.78,35.38,38.32,0.2541,0.2571,0.6,0.6127
0.6,1.0,0,DFL-MDD,"DFL-MDD (LB=504, n1=0.2)",12.79,0.6841,2.92,39.51,43.15,0.3238,0.387,0.6,0.5206
0.6,1.0,0,DFL-MDD,"DFL-MDD (LB=504, n1=0.3)",13.66,0.6883,3.11,36.17,39.43,0.3776,0.4118,0.6,0.6531
0.6,1.0,0,DFL-MDD,"DFL-MDD (LB=504, n1=0.4)",11.15,0.601,3.23,31.61,35.83,0.3528,0.4619,0.6,0.6924
0.6,1.0,0,DFL-MVO,DFL-MVO (LB=252),9.62,0.4905,3.84,49.77,60.03,0.1933,0.52,0.6,0.2762
0.6,1.0,0,DFL-MVO,DFL-MVO (LB=504),11.1,0.5911,3.24,34.15,37.29,0.3251,0.52,0.6,0.5402
0.6,1.0,0,PTO-MDD,"PTO-MDD (LB=252, n1=0.1)",4.21,0.289,3.64,64.81,83.75,0.065,0.5111,0.6,0.0835
0.6,1.0,0,PTO-MDD,"PTO-MDD (LB=252, n1=0.2)",7.72,0.4119,3.76,64.96,83.75,0.1189,0.4966,0.6,0.0805
0.6,1.0,0,PTO-MDD,"PTO-MDD (LB=252, n1=0.3)",3.17,0.2499,3.64,64.78,83.33,0.049,0.4924,0.6,0.0848
0.6,1.0,0,PTO-MDD,"PTO-MDD (LB=252, n1=0.4)",5.46,0.332,3.78,65.33,84.49,0.0835,0.5008,0.6,0.0882
0.6,1.0,0,PTO-MDD,"PTO-MDD (LB=504, n1=0.1)",11.84,0.546,3.77,63.79,80.85,0.1857,0.5056,0.6,0.1027
0.6,1.0,0,PTO-MDD,"PTO-MDD (LB=504, n1=0.2)",8.22,0.4241,3.87,63.79,80.85,0.1289,0.4853,0.6,0.1025
0.6,1.0,0,PTO-MDD,"PTO-MDD (LB=504, n1=0.3)",6.69,0.3732,3.81,64.0,81.08,0.1045,0.4483,0.6,0.1047
0.6,1.0,0,PTO-MDD,"PTO-MDD (LB=504, n1=0.4)",8.33,0.4315,3.74,63.79,80.85,0.1306,0.4734,0.6,0.0996
0.6,1.0,0,PTO-MVO,PTO-MVO (LB=252),7.52,0.503,2.57,36.02,39.18,0.2086,0.1865,0.3826,0.0803
0.6,1.0,0,PTO-MVO,PTO-MVO (LB=504),5.72,0.4001,2.63,37.39,40.7,0.153,0.186,0.3098,0.0546
0.6,1.0,0,Benchmark,EW,11.9,0.6541,3.02,38.73,42.74,0.3072,0.1,0.1,0.0327
0.6,1.0,0,Benchmark,GMV (LB=252),7.91,0.5268,2.56,34.8,37.82,0.2274,0.1792,0.3622,0.0798
0.6,1.0,0,Benchmark,hist-MVO (LB=252),11.5,0.6811,2.77,33.62,36.7,0.342,0.2261,0.4886,0.2701
0.6,1.0,0,Benchmark,GMV (LB=504),6.41,0.4388,2.61,36.15,39.31,0.1774,0.1838,0.2967,0.0531
0.6,1.0,0,Benchmark,hist-MVO (LB=504),7.73,0.4934,2.76,33.61,36.45,0.2299,0.1979,0.4077,0.1495
0.6,1.0,5,DFL-MDD,"DFL-MDD (LB=252, n1=0.1)",10.87,0.6266,2.87,41.78,46.81,0.2602,0.2615,0.5398,0.4684
0.6,1.0,5,DFL-MDD,"DFL-MDD (LB=252, n1=0.2)",7.65,0.4611,3.02,40.01,44.08,0.1911,0.3061,0.6,0.5047
0.6,1.0,5,DFL-MDD,"DFL-MDD (LB=252, n1=0.3)",11.57,0.6356,3.1,38.17,42.55,0.3032,0.4496,0.6,0.5907
0.6,1.0,5,DFL-MDD,"DFL-MDD (LB=252, n1=0.4)",6.09,0.3921,2.95,36.28,39.52,0.1678,0.488,0.6,0.4498
0.6,1.0,5,DFL-MDD,"DFL-MDD (LB=504, n1=0.1)",8.59,0.5288,2.78,35.49,38.47,0.2422,0.2571,0.6,0.6127
0.6,1.0,5,DFL-MDD,"DFL-MDD (LB=504, n1=0.2)",12.45,0.6693,2.92,39.55,43.18,0.3147,0.387,0.6,0.5206
0.6,1.0,5,DFL-MDD,"DFL-MDD (LB=504, n1=0.3)",13.22,0.6709,3.11,36.2,39.46,0.3652,0.4118,0.6,0.6531
0.6,1.0,5,DFL-MDD,"DFL-MDD (LB=504, n1=0.4)",10.7,0.5818,3.23,32.23,36.54,0.3319,0.4619,0.6,0.6924
0.6,1.0,5,DFL-MVO,DFL-MVO (LB=252),9.44,0.484,3.84,49.88,60.22,0.1893,0.52,0.6,0.2762
0.6,1.0,5,DFL-MVO,DFL-MVO (LB=504),10.75,0.5765,3.24,34.18,37.31,0.3144,0.52,0.6,0.5402
0.6,1.0,5,PTO-MDD,"PTO-MDD (LB=252, n1=0.1)",4.16,0.2871,3.64,64.83,83.79,0.0642,0.5111,0.6,0.0835
0.6,1.0,5,PTO-MDD,"PTO-MDD (LB=252, n1=0.2)",7.67,0.4101,3.76,64.98,83.8,0.1181,0.4966,0.6,0.0805
0.6,1.0,5,PTO-MDD,"PTO-MDD (LB=252, n1=0.3)",3.12,0.248,3.64,64.8,83.39,0.0481,0.4924,0.6,0.0848
0.6,1.0,5,PTO-MDD,"PTO-MDD (LB=252, n1=0.4)",5.4,0.33,3.78,65.34,84.5,0.0827,0.5008,0.6,0.0882
0.6,1.0,5,PTO-MDD,"PTO-MDD (LB=504, n1=0.1)",11.78,0.5438,3.77,63.81,80.92,0.1845,0.5056,0.6,0.1027
0.6,1.0,5,PTO-MDD,"PTO-MDD (LB=504, n1=0.2)",8.16,0.4219,3.87,63.81,80.92,0.1278,0.4853,0.6,0.1025
0.6,1.0,5,PTO-MDD,"PTO-MDD (LB=504, n1=0.3)",6.62,0.371,3.81,64.02,81.14,0.1034,0.4483,0.6,0.1047
0.6,1.0,5,PTO-MDD,"PTO-MDD (LB=504, n1=0.4)",8.27,0.4293,3.74,63.81,80.92,0.1296,0.4734,0.6,0.0996
0.6,1.0,5,PTO-MVO,PTO-MVO (LB=252),7.47,0.5003,2.57,36.03,39.19,0.2072,0.1865,0.3826,0.0803
0.6,1.0,5,PTO-MVO,PTO-MVO (LB=504),5.69,0.3983,2.63,37.39,40.7,0.1521,0.186,0.3098,0.0546
0.6,1.0,5,Benchmark,EW,11.87,0.6531,3.02,38.73,42.74,0.3066,0.1,0.1,0.0327
0.6,1.0,5,Benchmark,GMV (LB=252),7.86,0.5241,2.56,34.81,37.83,0.2259,0.1792,0.3622,0.0798
0.6,1.0,5,Benchmark,hist-MVO (LB=252),11.32,0.6725,2.77,33.63,36.71,0.3366,0.2261,0.4886,0.2701
0.6,1.0,5,Benchmark,GMV (LB=504),6.38,0.4371,2.61,36.15,39.31,0.1764,0.1838,0.2967,0.0531
0.6,1.0,5,Benchmark,hist-MVO (LB=504),7.63,0.4887,2.76,33.62,36.45,0.227,0.1979,0.4077,0.1495
0.6,1.0,10,DFL-MDD,"DFL-MDD (LB=252, n1=0.1)",10.56,0.6123,2.87,41.8,46.85,0.2526,0.2615,0.5398,0.4684
0.6,1.0,10,DFL-MDD,"DFL-MDD (LB=252, n1=0.2)",7.32,0.4465,3.02,40.01,44.07,0.1831,0.3061,0.6,0.5047
0.6,1.0,10,DFL-MDD,"DFL-MDD (LB=252, n1=0.3)",11.18,0.6186,3.1,38.2,42.58,0.2926,0.4496,0.6,0.5907
0.6,1.0,10,DFL-MDD,"DFL-MDD (LB=252, n1=0.4)",5.81,0.3789,2.95,36.28,39.52,0.16,0.488,0.6,0.4498
0.6,1.0,10,DFL-MDD,"DFL-MDD (LB=504, n1=0.1)",8.2,0.5097,2.78,35.59,38.62,0.2304,0.2571,0.6,0.6127
0.6,1.0,10,DFL-MDD,"DFL-MDD (LB=504, n1=0.2)",12.1,0.6544,2.92,39.59,43.22,0.3056,0.387,0.6,0.5206
0.6,1.0,10,DFL-MDD,"DFL-MDD (LB=504, n1=0.3)",12.78,0.6534,3.11,36.22,39.48,0.3528,0.4118,0.6,0.6531
0.6,1.0,10,DFL-MDD,"DFL-MDD (LB=504, n1=0.4)",10.24,0.5626,3.23,32.84,37.25,0.3118,0.4619,0.6,0.6924
0.6,1.0,10,DFL-MVO,DFL-MVO (LB=252),9.26,0.4775,3.84,49.98,60.41,0.1854,0.52,0.6,0.2762
0.6,1.0,10,DFL-MVO,DFL-MVO (LB=504),10.39,0.5619,3.24,34.2,37.34,0.3038,0.52,0.6,0.5402
0.6,1.0,10,PTO-MDD,"PTO-MDD (LB=252, n1=0.1)",4.11,0.2852,3.64,64.84,83.83,0.0634,0.5111,0.6,0.0835
0.6,1.0,10,PTO-MDD,"PTO-MDD (LB=252, n1=0.2)",7.62,0.4083,3.76,65.0,83.86,0.1172,0.4966,0.6,0.0805
0.6,1.0,10,PTO-MDD,"PTO-MDD (LB=252, n1=0.3)",3.07,0.2461,3.64,64.82,83.45,0.0473,0.4924,0.6,0.0848
0.6,1.0,10,PTO-MDD,"PTO-MDD (LB=252, n1=0.4)",5.35,0.3281,3.78,65.35,84.52,0.0818,0.5008,0.6,0.0882
0.6,1.0,10,PTO-MDD,"PTO-MDD (LB=504, n1=0.1)",11.71,0.5416,3.77,63.83,80.98,0.1834,0.5056,0.6,0.1027
0.6,1.0,10,PTO-MDD,"PTO-MDD (LB=504, n1=0.2)",8.09,0.4197,3.87,63.83,80.98,0.1268,0.4853,0.6,0.1025
0.6,1.0,10,PTO-MDD,"PTO-MDD (LB=504, n1=0.3)",6.56,0.3687,3.81,64.04,81.2,0.1024,0.4483,0.6,0.1047
0.6,1.0,10,PTO-MDD,"PTO-MDD (LB=504, n1=0.4)",8.2,0.4271,3.74,63.83,80.98,0.1285,0.4734,0.6,0.0996
0.6,1.0,10,PTO-MVO,PTO-MVO (LB=252),7.41,0.4975,2.57,36.03,39.19,0.2058,0.1865,0.3826,0.0803
0.6,1.0,10,PTO-MVO,PTO-MVO (LB=504),5.65,0.3965,2.63,37.4,40.7,0.1512,0.186,0.3098,0.0546
0.6,1.0,10,Benchmark,EW,11.85,0.6522,3.02,38.73,42.74,0.306,0.1,0.1,0.0327
0.6,1.0,10,Benchmark,GMV (LB=252),7.81,0.5214,2.56,34.81,37.83,0.2244,0.1792,0.3622,0.0798
0.6,1.0,10,Benchmark,hist-MVO (LB=252),11.14,0.6638,2.77,33.64,36.72,0.3312,0.2261,0.4886,0.2701
0.6,1.0,10,Benchmark,GMV (LB=504),6.34,0.4353,2.61,36.15,39.31,0.1755,0.1838,0.2967,0.0531
0.6,1.0,10,Benchmark,hist-MVO (LB=504),7.54,0.4839,2.76,33.62,36.46,0.2241,0.1979,0.4077,0.1495
0.6,1.0,20,DFL-MDD,"DFL-MDD (LB=252, n1=0.1)",9.95,0.5837,2.87,41.85,46.92,0.2377,0.2615,0.5398,0.4684
0.6,1.0,20,DFL-MDD,"DFL-MDD (LB=252, n1=0.2)",6.68,0.4174,3.02,40.01,44.06,0.167,0.3061,0.6,0.5047
0.6,1.0,20,DFL-MDD,"DFL-MDD (LB=252, n1=0.3)",10.4,0.5845,3.1,38.27,42.64,0.2718,0.4496,0.6,0.5907
0.6,1.0,20,DFL-MDD,"DFL-MDD (LB=252, n1=0.4)",5.24,0.3527,2.95,36.28,39.52,0.1444,0.488,0.6,0.4498
0.6,1.0,20,DFL-MDD,"DFL-MDD (LB=504, n1=0.1)",7.41,0.4713,2.79,35.79,38.91,0.2071,0.2571,0.6,0.6127
0.6,1.0,20,DFL-MDD,"DFL-MDD (LB=504, n1=0.2)",11.41,0.6246,2.92,39.67,43.3,0.2876,0.387,0.6,0.5206
0.6,1.0,20,DFL-MDD,"DFL-MDD (LB=504, n1=0.3)",11.91,0.6183,3.11,36.84,39.53,0.3232,0.4118,0.6,0.6531
0.6,1.0,20,DFL-MDD,"DFL-MDD (LB=504, n1=0.4)",9.34,0.5241,3.23,34.06,38.68,0.2742,0.4619,0.6,0.6924
0.6,1.0,20,DFL-MVO,DFL-MVO (LB=252),8.91,0.4645,3.84,50.19,60.8,0.1774,0.52,0.6,0.2762
0.6,1.0,20,DFL-MVO,DFL-MVO (LB=504),9.68,0.5325,3.25,34.26,37.39,0.2827,0.52,0.6,0.5402
0.6,1.0,20,PTO-MDD,"PTO-MDD (LB=252, n1=0.1)",4.01,0.2813,3.64,64.88,83.92,0.0618,0.5111,0.6,0.0835
0.6,1.0,20,PTO-MDD,"PTO-MDD (LB=252, n1=0.2)",7.52,0.4047,3.76,65.03,83.97,0.1156,0.4966,0.6,0.0805
0.6,1.0,20,PTO-MDD,"PTO-MDD (LB=252, n1=0.3)",2.96,0.2422,3.64,64.86,83.57,0.0457,0.4924,0.6,0.0848
0.6,1.0,20,PTO-MDD,"PTO-MDD (LB=252, n1=0.4)",5.24,0.3241,3.78,65.36,84.55,0.0801,0.5008,0.6,0.0882
0.6,1.0,20,PTO-MDD,"PTO-MDD (LB=504, n1=0.1)",11.57,0.5371,3.77,63.88,81.1,0.1811,0.5056,0.6,0.1027
0.6,1.0,20,PTO-MDD,"PTO-MDD (LB=504, n1=0.2)",7.96,0.4153,3.87,63.88,81.1,0.1246,0.4853,0.6,0.1025
0.6,1.0,20,PTO-MDD,"PTO-MDD (LB=504, n1=0.3)",6.42,0.3641,3.81,64.09,81.32,0.1002,0.4483,0.6,0.1047
0.6,1.0,20,PTO-MDD,"PTO-MDD (LB=504, n1=0.4)",8.08,0.4227,3.74,63.88,81.1,0.1264,0.4734,0.6,0.0996
0.6,1.0,20,PTO-MVO,PTO-MVO (LB=252),7.31,0.4921,2.57,36.04,39.2,0.2029,0.1865,0.3826,0.0803
0.6,1.0,20,PTO-MVO,PTO-MVO (LB=504),5.59,0.3929,2.63,37.4,40.71,0.1494,0.186,0.3098,0.0546
0.6,1.0,20,Benchmark,EW,11.81,0.6503,3.02,38.73,42.74,0.3049,0.1,0.1,0.0327
0.6,1.0,20,Benchmark,GMV (LB=252),7.71,0.5159,2.56,34.82,37.84,0.2214,0.1792,0.3622,0.0798
0.6,1.0,20,Benchmark,hist-MVO (LB=252),10.78,0.6465,2.77,33.66,36.75,0.3204,0.2261,0.4886,0.2701
0.6,1.0,20,Benchmark,GMV (LB=504),6.28,0.4318,2.61,36.16,39.32,0.1736,0.1838,0.2967,0.0531
0.6,1.0,20,Benchmark,hist-MVO (LB=504),7.34,0.4744,2.76,33.64,36.47,0.2183,0.1979,0.4077,0.1495
0.6,1.0,40,DFL-MDD,"DFL-MDD (LB=252, n1=0.1)",8.73,0.5264,2.88,41.95,47.07,0.208,0.2615,0.5398,0.4684
0.6,1.0,40,DFL-MDD,"DFL-MDD (LB=252, n1=0.2)",5.41,0.3589,3.03,40.02,44.03,0.1351,0.3061,0.6,0.5047
0.6,1.0,40,DFL-MDD,"DFL-MDD (LB=252, n1=0.3)",8.86,0.5159,3.11,38.41,42.76,0.2306,0.4496,0.6,0.5907
0.6,1.0,40,DFL-MDD,"DFL-MDD (LB=252, n1=0.4)",4.12,0.3,2.95,36.28,39.52,0.1135,0.488,0.6,0.4498
0.6,1.0,40,DFL-MDD,"DFL-MDD (LB=504, n1=0.1)",5.86,0.3944,2.8,36.2,39.5,0.1618,0.2571,0.6,0.6127
0.6,1.0,40,DFL-MDD,"DFL-MDD (LB=504, n1=0.2)",10.03,0.5648,2.93,39.83,43.45,0.252,0.387,0.6,0.5206
0.6,1.0,40,DFL-MDD,"DFL-MDD (LB=504, n1=0.3)",10.18,0.5479,3.12,38.98,41.45,0.2611,0.4118,0.6,0.6531
0.6,1.0,40,DFL-MDD,"DFL-MDD (LB=504, n1=0.4)",7.55,0.4468,3.24,36.42,41.81,0.2072,0.4619,0.6,0.6924
0.6,1.0,40,DFL-MVO,DFL-MVO (LB=252),8.19,0.4385,3.84,50.61,61.57,0.1619,0.52,0.6,0.2762
0.6,1.0,40,DFL-MVO,DFL-MVO (LB=504),8.28,0.4736,3.26,34.36,37.49,0.241,0.52,0.6,0.5402
0.6,1.0,40,PTO-MDD,"PTO-MDD (LB=252, n1=0.1)",3.8,0.2736,3.64,64.94,84.1,0.0585,0.5111,0.6,0.0835
0.6,1.0,40,PTO-MDD,"PTO-MDD (LB=252, n1=0.2)",7.31,0.3976,3.76,65.11,84.19,0.1123,0.4966,0.6,0.0805
0.6,1.0,40,PTO-MDD,"PTO-MDD (LB=252, n1=0.3)",2.76,0.2345,3.64,64.95,83.81,0.0424,0.4924,0.6,0.0848
0.6,1.0,40,PTO-MDD,"PTO-MDD (LB=252, n1=0.4)",5.01,0.3163,3.78,65.38,84.61,0.0767,0.5008,0.6,0.0882
0.6,1.0,40,PTO-MDD,"PTO-MDD (LB=504, n1=0.1)",11.3,0.5281,3.77,63.96,81.35,0.1766,0.5056,0.6,0.1027
0.6,1.0,40,PTO-MDD,"PTO-MDD (LB=504, n1=0.2)",7.7,0.4064,3.87,63.96,81.35,0.1203,0.4853,0.6,0.1025
0.6,1.0,40,PTO-MDD,"PTO-MDD (LB=504, n1=0.3)",6.16,0.355,3.81,64.18,81.56,0.096,0.4483,0.6,0.1047
0.6,1.0,40,PTO-MDD,"PTO-MDD (LB=504, n1=0.4)",7.82,0.4139,3.74,63.96,81.35,0.1223,0.4734,0.6,0.0996
0.6,1.0,40,PTO-MVO,PTO-MVO (LB=252),7.11,0.4812,2.57,36.05,39.21,0.1971,0.1865,0.3826,0.0803
0.6,1.0,40,PTO-MVO,PTO-MVO (LB=504),5.45,0.3857,2.63,37.41,40.72,0.1457,0.186,0.3098,0.0546
0.6,1.0,40,Benchmark,EW,11.72,0.6465,3.02,38.74,42.75,0.3026,0.1,0.1,0.0327
0.6,1.0,40,Benchmark,GMV (LB=252),7.51,0.505,2.56,34.84,37.86,0.2155,0.1792,0.3622,0.0798
0.6,1.0,40,Benchmark,hist-MVO (LB=252),10.08,0.6118,2.77,33.71,36.79,0.2989,0.2261,0.4886,0.2701
0.6,1.0,40,Benchmark,GMV (LB=504),6.14,0.4247,2.61,36.17,39.33,0.1699,0.1838,0.2967,0.0531
0.6,1.0,40,Benchmark,hist-MVO (LB=504),6.96,0.4553,2.76,33.66,36.5,0.2069,0.1979,0.4077,0.1495
1.0,0.3,0,DFL-MDD,"DFL-MDD (LB=252, n1=0.1)",9.94,0.6454,2.45,32.06,34.46,0.31,0.4065,0.8775,0.4664
1.0,0.3,0,DFL-MDD,"DFL-MDD (LB=252, n1=0.2)",8.49,0.5466,2.56,34.88,37.62,0.2435,0.5873,1.0,0.5516
1.0,0.3,0,DFL-MDD,"DFL-MDD (LB=252, n1=0.3)",6.96,0.4584,2.62,36.46,39.25,0.1909,0.6215,1.0,0.5571
1.0,0.3,0,DFL-MDD,"DFL-MDD (LB=252, n1=0.4)",5.1,0.3704,2.59,33.43,36.04,0.1526,0.8149,1.0,0.3241
1.0,0.3,0,DFL-MDD,"DFL-MDD (LB=504, n1=0.1)",7.59,0.4961,2.58,37.66,40.63,0.2014,0.3895,1.0,0.5365
1.0,0.3,0,DFL-MDD,"DFL-MDD (LB=504, n1=0.2)",6.59,0.4517,2.47,34.6,37.2,0.1904,0.5269,1.0,0.5609
1.0,0.3,0,DFL-MDD,"DFL-MDD (LB=504, n1=0.3)",5.26,0.3898,2.44,33.34,36.27,0.1579,0.5886,1.0,0.4684
1.0,0.3,0,DFL-MDD,"DFL-MDD (LB=504, n1=0.4)",9.49,0.5763,2.77,35.37,38.39,0.2684,0.6224,1.0,0.7083
1.0,0.3,0,DFL-MVO,DFL-MVO (LB=252),13.3,0.6895,3.09,36.2,44.11,0.3675,1.0,1.0,0.7312
1.0,0.3,0,DFL-MVO,DFL-MVO (LB=504),12.06,0.7079,2.71,27.07,29.11,0.4456,1.0,1.0,0.3871
1.0,0.3,0,PTO-MDD,"PTO-MDD (LB=252, n1=0.1)",0.46,0.1703,4.25,77.47,116.35,0.0059,0.7131,1.0,0.0758
1.0,0.3,0,PTO-MDD,"PTO-MDD (LB=252, n1=0.2)",1.65,0.2112,4.43,77.47,116.35,0.0213,0.8027,1.0,0.0707
1.0,0.3,0,PTO-MDD,"PTO-MDD (LB=252, n1=0.3)",-0.51,0.14,4.23,77.47,116.35,-0.0066,0.7263,1.0,0.0848
1.0,0.3,0,PTO-MDD,"PTO-MDD (LB=252, n1=0.4)",-0.17,0.1539,4.38,77.47,116.35,-0.0022,0.7347,1.0,0.0892
1.0,0.3,0,PTO-MDD,"PTO-MDD (LB=504, n1=0.1)",6.09,0.3431,4.58,77.47,116.35,0.0786,0.7402,1.0,0.0815
1.0,0.3,0,PTO-MDD,"PTO-MDD (LB=504, n1=0.2)",2.45,0.2401,4.67,77.47,116.35,0.0317,0.8189,1.0,0.0885
1.0,0.3,0,PTO-MDD,"PTO-MDD (LB=504, n1=0.3)",3.01,0.2561,4.66,77.47,116.35,0.0388,0.8231,1.0,0.0951
1.0,0.3,0,PTO-MDD,"PTO-MDD (LB=504, n1=0.4)",1.99,0.2242,4.51,77.47,116.35,0.0257,0.7293,1.0,0.0882
1.0,0.3,0,PTO-MVO,PTO-MVO (LB=252),7.52,0.503,2.57,36.02,39.18,0.2086,0.1865,0.3826,0.0803
1.0,0.3,0,PTO-MVO,PTO-MVO (LB=504),5.72,0.4001,2.63,37.39,40.7,0.1531,0.186,0.3097,0.0545
1.0,0.3,0,Benchmark,EW,11.9,0.6541,3.02,38.73,42.74,0.3072,0.1,0.1,0.0327
1.0,0.3,0,Benchmark,GMV (LB=252),7.91,0.5268,2.56,34.81,37.83,0.2274,0.1792,0.3623,0.0797
1.0,0.3,0,Benchmark,hist-MVO (LB=252),11.5,0.6811,2.77,33.62,36.7,0.342,0.2261,0.4886,0.2701
1.0,0.3,0,Benchmark,GMV (LB=504),6.41,0.4388,2.61,36.14,39.3,0.1774,0.1838,0.2967,0.0531
1.0,0.3,0,Benchmark,hist-MVO (LB=504),7.73,0.4935,2.76,33.61,36.44,0.2299,0.1979,0.4077,0.1495
1.0,0.3,5,DFL-MDD,"DFL-MDD (LB=252, n1=0.1)",9.63,0.629,2.46,32.07,34.47,0.3004,0.4065,0.8775,0.4664
1.0,0.3,5,DFL-MDD,"DFL-MDD (LB=252, n1=0.2)",8.14,0.5283,2.56,34.89,37.63,0.2333,0.5873,1.0,0.5516
1.0,0.3,5,DFL-MDD,"DFL-MDD (LB=252, n1=0.3)",6.61,0.4405,2.62,36.49,39.28,0.1811,0.6215,1.0,0.5571
1.0,0.3,5,DFL-MDD,"DFL-MDD (LB=252, n1=0.4)",4.9,0.3595,2.59,33.43,36.04,0.1466,0.8149,1.0,0.3241
1.0,0.3,5,DFL-MDD,"DFL-MDD (LB=504, n1=0.1)",7.24,0.4784,2.58,37.69,40.66,0.1922,0.3895,1.0,0.5365
1.0,0.3,5,DFL-MDD,"DFL-MDD (LB=504, n1=0.2)",6.23,0.4327,2.47,34.62,37.22,0.1801,0.5269,1.0,0.5609
1.0,0.3,5,DFL-MDD,"DFL-MDD (LB=504, n1=0.3)",4.97,0.3732,2.44,33.41,36.37,0.1488,0.5886,1.0,0.4684
1.0,0.3,5,DFL-MDD,"DFL-MDD (LB=504, n1=0.4)",9.03,0.554,2.77,35.4,38.44,0.2551,0.6224,1.0,0.7083
1.0,0.3,5,DFL-MVO,DFL-MVO (LB=252),12.81,0.6694,3.09,36.33,44.28,0.3527,1.0,1.0,0.7312
1.0,0.3,5,DFL-MVO,DFL-MVO (LB=504),11.8,0.6954,2.71,27.07,29.11,0.4361,1.0,1.0,0.3871
1.0,0.3,5,PTO-MDD,"PTO-MDD (LB=252, n1=0.1)",0.41,0.1689,4.25,77.47,116.35,0.0053,0.7131,1.0,0.0758
1.0,0.3,5,PTO-MDD,"PTO-MDD (LB=252, n1=0.2)",1.6,0.2099,4.43,77.47,116.35,0.0207,0.8027,1.0,0.0707
1.0,0.3,5,PTO-MDD,"PTO-MDD (LB=252, n1=0.3)",-0.56,0.1384,4.23,77.47,116.35,-0.0073,0.7263,1.0,0.0848
1.0,0.3,5,PTO-MDD,"PTO-MDD (LB=252, n1=0.4)",-0.23,0.1522,4.38,77.47,116.35,-0.0029,0.7347,1.0,0.0892
1.0,0.3,5,PTO-MDD,"PTO-MDD (LB=504, n1=0.1)",6.04,0.3417,4.58,77.47,116.35,0.078,0.7402,1.0,0.0815
1.0,0.3,5,PTO-MDD,"PTO-MDD (LB=504, n1=0.2)",2.4,0.2385,4.67,77.47,116.35,0.031,0.8189,1.0,0.0885
1.0,0.3,5,PTO-MDD,"PTO-MDD (LB=504, n1=0.3)",2.95,0.2545,4.66,77.47,116.35,0.0381,0.8231,1.0,0.0951
1.0,0.3,5,PTO-MDD,"PTO-MDD (LB=504, n1=0.4)",1.94,0.2226,4.51,77.47,116.35,0.025,0.7293,1.0,0.0882
1.0,0.3,5,PTO-MVO,PTO-MVO (LB=252),7.46,0.5003,2.57,36.03,39.19,0.2072,0.1865,0.3826,0.0803
1.0,0.3,5,PTO-MVO,PTO-MVO (LB=504),5.69,0.3983,2.63,37.39,40.7,0.1521,0.186,0.3097,0.0545
1.0,0.3,5,Benchmark,EW,11.87,0.6531,3.02,38.73,42.74,0.3066,0.1,0.1,0.0327
1.0,0.3,5,Benchmark,GMV (LB=252),7.86,0.5241,2.56,34.81,37.83,0.2259,0.1792,0.3623,0.0797
1.0,0.3,5,Benchmark,hist-MVO (LB=252),11.32,0.6724,2.77,33.63,36.71,0.3366,0.2261,0.4886,0.2701
1.0,0.3,5,Benchmark,GMV (LB=504),6.38,0.4371,2.61,36.15,39.3,0.1765,0.1838,0.2967,0.0531
1.0,0.3,5,Benchmark,hist-MVO (LB=504),7.63,0.4887,2.76,33.62,36.45,0.227,0.1979,0.4077,0.1495
1.0,0.3,10,DFL-MDD,"DFL-MDD (LB=252, n1=0.1)",9.33,0.6126,2.46,32.08,34.49,0.2908,0.4065,0.8775,0.4664
1.0,0.3,10,DFL-MDD,"DFL-MDD (LB=252, n1=0.2)",7.78,0.5099,2.56,34.9,37.64,0.2231,0.5873,1.0,0.5516
1.0,0.3,10,DFL-MDD,"DFL-MDD (LB=252, n1=0.3)",6.26,0.4225,2.62,36.52,39.31,0.1713,0.6215,1.0,0.5571
1.0,0.3,10,DFL-MDD,"DFL-MDD (LB=252, n1=0.4)",4.7,0.3486,2.59,33.43,36.04,0.1406,0.8149,1.0,0.3241
1.0,0.3,10,DFL-MDD,"DFL-MDD (LB=504, n1=0.1)",6.9,0.4608,2.58,37.72,40.69,0.183,0.3895,1.0,0.5365
1.0,0.3,10,DFL-MDD,"DFL-MDD (LB=504, n1=0.2)",5.88,0.4137,2.47,34.64,37.23,0.1698,0.5269,1.0,0.5609
1.0,0.3,10,DFL-MDD,"DFL-MDD (LB=504, n1=0.3)",4.68,0.3567,2.44,33.48,36.46,0.1398,0.5886,1.0,0.4684
1.0,0.3,10,DFL-MDD,"DFL-MDD (LB=504, n1=0.4)",8.57,0.5316,2.77,35.44,38.49,0.2419,0.6224,1.0,0.7083
1.0,0.3,10,DFL-MVO,DFL-MVO (LB=252),12.32,0.6492,3.1,36.45,44.44,0.3381,1.0,1.0,0.7312
1.0,0.3,10,DFL-MVO,DFL-MVO (LB=504),11.55,0.6829,2.71,27.07,29.11,0.4266,1.0,1.0,0.3871
1.0,0.3,10,PTO-MDD,"PTO-MDD (LB=252, n1=0.1)",0.37,0.1674,4.25,77.47,116.35,0.0047,0.7131,1.0,0.0758
1.0,0.3,10,PTO-MDD,"PTO-MDD (LB=252, n1=0.2)",1.56,0.2086,4.43,77.47,116.35,0.0201,0.8027,1.0,0.0707
1.0,0.3,10,PTO-MDD,"PTO-MDD (LB=252, n1=0.3)",-0.61,0.1368,4.23,77.47,116.35,-0.0079,0.7263,1.0,0.0848
1.0,0.3,10,PTO-MDD,"PTO-MDD (LB=252, n1=0.4)",-0.28,0.1506,4.38,77.47,116.35,-0.0036,0.7347,1.0,0.0892
1.0,0.3,10,PTO-MDD,"PTO-MDD (LB=504, n1=0.1)",5.99,0.3402,4.58,77.47,116.35,0.0773,0.7402,1.0,0.0815
1.0,0.3,10,PTO-MDD,"PTO-MDD (LB=504, n1=0.2)",2.35,0.237,4.67,77.47,116.35,0.0303,0.8189,1.0,0.0885
1.0,0.3,10,PTO-MDD,"PTO-MDD (LB=504, n1=0.3)",2.89,0.2528,4.66,77.47,116.35,0.0373,0.8231,1.0,0.0951
1.0,0.3,10,PTO-MDD,"PTO-MDD (LB=504, n1=0.4)",1.89,0.221,4.51,77.47,116.35,0.0243,0.7293,1.0,0.0882
1.0,0.3,10,PTO-MVO,PTO-MVO (LB=252),7.41,0.4976,2.57,36.03,39.19,0.2058,0.1865,0.3826,0.0803
1.0,0.3,10,PTO-MVO,PTO-MVO (LB=504),5.65,0.3965,2.63,37.4,40.7,0.1512,0.186,0.3097,0.0545
1.0,0.3,10,Benchmark,EW,11.85,0.6522,3.02,38.73,42.74,0.306,0.1,0.1,0.0327
1.0,0.3,10,Benchmark,GMV (LB=252),7.81,0.5214,2.56,34.82,37.84,0.2244,0.1792,0.3623,0.0797
1.0,0.3,10,Benchmark,hist-MVO (LB=252),11.14,0.6638,2.77,33.64,36.72,0.3311,0.2261,0.4886,0.2701
1.0,0.3,10,Benchmark,GMV (LB=504),6.34,0.4353,2.61,36.15,39.31,0.1755,0.1838,0.2967,0.0531
1.0,0.3,10,Benchmark,hist-MVO (LB=504),7.54,0.4839,2.76,33.62,36.46,0.2241,0.1979,0.4077,0.1495
1.0,0.3,20,DFL-MDD,"DFL-MDD (LB=252, n1=0.1)",8.72,0.5798,2.46,32.11,34.51,0.2718,0.4065,0.8775,0.4664
1.0,0.3,20,DFL-MDD,"DFL-MDD (LB=252, n1=0.2)",7.08,0.473,2.56,34.92,37.65,0.2028,0.5873,1.0,0.5516
1.0,0.3,20,DFL-MDD,"DFL-MDD (LB=252, n1=0.3)",5.55,0.3864,2.62,36.58,39.37,0.1518,0.6215,1.0,0.5571
1.0,0.3,20,DFL-MDD,"DFL-MDD (LB=252, n1=0.4)",4.3,0.3268,2.59,33.43,36.04,0.1285,0.8149,1.0,0.3241
1.0,0.3,20,DFL-MDD,"DFL-MDD (LB=504, n1=0.1)",6.22,0.4254,2.58,37.78,40.74,0.1647,0.3895,1.0,0.5365
1.0,0.3,20,DFL-MDD,"DFL-MDD (LB=504, n1=0.2)",5.18,0.3757,2.47,34.67,37.27,0.1493,0.5269,1.0,0.5609
1.0,0.3,20,DFL-MDD,"DFL-MDD (LB=504, n1=0.3)",4.1,0.3235,2.45,33.62,36.66,0.1219,0.5886,1.0,0.4684
1.0,0.3,20,DFL-MDD,"DFL-MDD (LB=504, n1=0.4)",7.66,0.4867,2.78,35.52,38.59,0.2158,0.6224,1.0,0.7083
1.0,0.3,20,DFL-MVO,DFL-MVO (LB=252),11.35,0.6086,3.1,36.71,44.77,0.3092,1.0,1.0,0.7312
1.0,0.3,20,DFL-MVO,DFL-MVO (LB=504),11.03,0.6578,2.71,27.15,29.11,0.4064,1.0,1.0,0.3871
1.0,0.3,20,PTO-MDD,"PTO-MDD (LB=252, n1=0.1)",0.28,0.1646,4.25,77.47,116.35,0.0036,0.7131,1.0,0.0758
1.0,0.3,20,PTO-MDD,"PTO-MDD (LB=252, n1=0.2)",1.48,0.206,4.43,77.47,116.35,0.019,0.8027,1.0,0.0707
1.0,0.3,20,PTO-MDD,"PTO-MDD (LB=252, n1=0.3)",-0.71,0.1336,4.23,77.47,116.35,-0.0092,0.7263,1.0,0.0848
1.0,0.3,20,PTO-MDD,"PTO-MDD (LB=252, n1=0.4)",-0.38,0.1472,4.38,77.47,116.35,-0.005,0.7347,1.0,0.0892
1.0,0.3,20,PTO-MDD,"PTO-MDD (LB=504, n1=0.1)",5.89,0.3373,4.58,77.47,116.35,0.076,0.7402,1.0,0.0815
1.0,0.3,20,PTO-MDD,"PTO-MDD (LB=504, n1=0.2)",2.24,0.2339,4.67,77.47,116.35,0.0289,0.8189,1.0,0.0885
1.0,0.3,20,PTO-MDD,"PTO-MDD (LB=504, n1=0.3)",2.78,0.2495,4.66,77.47,116.35,0.0358,0.8231,1.0,0.0951
1.0,0.3,20,PTO-MDD,"PTO-MDD (LB=504, n1=0.4)",1.78,0.2179,4.51,77.47,116.35,0.023,0.7293,1.0,0.0882
1.0,0.3,20,PTO-MVO,PTO-MVO (LB=252),7.31,0.4921,2.57,36.04,39.2,0.2029,0.1865,0.3826,0.0803
1.0,0.3,20,PTO-MVO,PTO-MVO (LB=504),5.59,0.3929,2.63,37.4,40.71,0.1494,0.186,0.3097,0.0545
1.0,0.3,20,Benchmark,EW,11.81,0.6503,3.02,38.73,42.74,0.3049,0.1,0.1,0.0327
1.0,0.3,20,Benchmark,GMV (LB=252),7.71,0.5159,2.56,34.82,37.85,0.2214,0.1792,0.3623,0.0797
1.0,0.3,20,Benchmark,hist-MVO (LB=252),10.78,0.6465,2.77,33.66,36.75,0.3203,0.2261,0.4886,0.2701
1.0,0.3,20,Benchmark,GMV (LB=504),6.28,0.4318,2.61,36.15,39.31,0.1736,0.1838,0.2967,0.0531
1.0,0.3,20,Benchmark,hist-MVO (LB=504),7.35,0.4744,2.76,33.64,36.47,0.2184,0.1979,0.4077,0.1495
1.0,0.3,40,DFL-MDD,"DFL-MDD (LB=252, n1=0.1)",7.53,0.5139,2.46,32.15,34.55,0.234,0.4065,0.8775,0.4664
1.0,0.3,40,DFL-MDD,"DFL-MDD (LB=252, n1=0.2)",5.68,0.3992,2.57,34.96,37.69,0.1626,0.5873,1.0,0.5516
1.0,0.3,40,DFL-MDD,"DFL-MDD (LB=252, n1=0.3)",4.16,0.3141,2.62,36.69,39.49,0.1135,0.6215,1.0,0.5571
1.0,0.3,40,DFL-MDD,"DFL-MDD (LB=252, n1=0.4)",3.5,0.283,2.59,33.43,36.04,0.1045,0.8149,1.0,0.3241
1.0,0.3,40,DFL-MDD,"DFL-MDD (LB=504, n1=0.1)",4.88,0.3546,2.59,38.06,41.09,0.1281,0.3895,1.0,0.5365
1.0,0.3,40,DFL-MDD,"DFL-MDD (LB=504, n1=0.2)",3.78,0.2995,2.48,34.74,37.34,0.1089,0.5269,1.0,0.5609
1.0,0.3,40,DFL-MDD,"DFL-MDD (LB=504, n1=0.3)",2.95,0.257,2.45,33.9,37.05,0.0869,0.5886,1.0,0.4684
1.0,0.3,40,DFL-MDD,"DFL-MDD (LB=504, n1=0.4)",5.86,0.3967,2.8,35.67,38.8,0.1643,0.6224,1.0,0.7083
1.0,0.3,40,DFL-MVO,DFL-MVO (LB=252),9.42,0.5268,3.11,37.21,45.43,0.2532,1.0,1.0,0.7312
1.0,0.3,40,DFL-MVO,DFL-MVO (LB=504),10.01,0.6071,2.73,27.44,29.49,0.3648,1.0,1.0,0.3871
1.0,0.3,40,PTO-MDD,"PTO-MDD (LB=252, n1=0.1)",0.09,0.1588,4.25,77.47,116.35,0.0012,0.7131,1.0,0.0758
1.0,0.3,40,PTO-MDD,"PTO-MDD (LB=252, n1=0.2)",1.31,0.2008,4.43,77.47,116.35,0.0168,0.8027,1.0,0.0707
1.0,0.3,40,PTO-MDD,"PTO-MDD (LB=252, n1=0.3)",-0.92,0.1272,4.23,77.47,116.35,-0.0118,0.7263,1.0,0.0848
1.0,0.3,40,PTO-MDD,"PTO-MDD (LB=252, n1=0.4)",-0.6,0.1406,4.38,77.47,116.35,-0.0077,0.7347,1.0,0.0892
1.0,0.3,40,PTO-MDD,"PTO-MDD (LB=504, n1=0.1)",5.68,0.3316,4.58,77.47,116.35,0.0733,0.7402,1.0,0.0815
1.0,0.3,40,PTO-MDD,"PTO-MDD (LB=504, n1=0.2)",2.02,0.2277,4.67,77.47,116.35,0.0261,0.8189,1.0,0.0885
1.0,0.3,40,PTO-MDD,"PTO-MDD (LB=504, n1=0.3)",2.54,0.2428,4.66,77.47,116.35,0.0328,0.8231,1.0,0.0951
1.0,0.3,40,PTO-MDD,"PTO-MDD (LB=504, n1=0.4)",1.57,0.2115,4.51,77.47,116.35,0.0202,0.7293,1.0,0.0882
1.0,0.3,40,PTO-MVO,PTO-MVO (LB=252),7.11,0.4812,2.57,36.05,39.21,0.1971,0.1865,0.3826,0.0803
1.0,0.3,40,PTO-MVO,PTO-MVO (LB=504),5.45,0.3857,2.63,37.41,40.72,0.1457,0.186,0.3097,0.0545
1.0,0.3,40,Benchmark,EW,11.72,0.6465,3.02,38.74,42.75,0.3026,0.1,0.1,0.0327
1.0,0.3,40,Benchmark,GMV (LB=252),7.51,0.5051,2.56,34.84,37.86,0.2154,0.1792,0.3623,0.0797
1.0,0.3,40,Benchmark,hist-MVO (LB=252),10.07,0.6118,2.77,33.71,36.79,0.2989,0.2261,0.4886,0.2701
1.0,0.3,40,Benchmark,GMV (LB=504),6.14,0.4247,2.61,36.17,39.32,0.1699,0.1838,0.2967,0.0531
1.0,0.3,40,Benchmark,hist-MVO (LB=504),6.96,0.4553,2.76,33.66,36.5,0.2069,0.1979,0.4077,0.1495
1.0,0.5,0,DFL-MDD,"DFL-MDD (LB=252, n1=0.1)",7.87,0.5343,2.45,30.97,33.28,0.2543,0.3412,0.8146,0.5163
1.0,0.5,0,DFL-MDD,"DFL-MDD (LB=252, n1=0.2)",8.14,0.5257,2.6,33.17,36.15,0.2453,0.4312,0.8418,0.5536
1.0,0.5,0,DFL-MDD,"DFL-MDD (LB=252, n1=0.3)",2.61,0.2293,3.02,42.34,49.7,0.0617,0.5181,1.0,0.6561
1.0,0.5,0,DFL-MDD,"DFL-MDD (LB=252, n1=0.4)",5.26,0.385,2.44,33.1,35.58,0.1588,0.731,1.0,0.4328
1.0,0.5,0,DFL-MDD,"DFL-MDD (LB=504, n1=0.1)",6.83,0.4517,2.65,39.16,42.23,0.1743,0.3029,0.7616,0.5518
1.0,0.5,0,DFL-MDD,"DFL-MDD (LB=504, n1=0.2)",7.86,0.5114,2.49,36.13,38.89,0.2175,0.4662,1.0,0.6405
1.0,0.5,0,DFL-MDD,"DFL-MDD (LB=504, n1=0.3)",2.09,0.2054,2.59,33.38,36.04,0.0627,0.5346,1.0,0.6389
1.0,0.5,0,DFL-MDD,"DFL-MDD (LB=504, n1=0.4)",7.69,0.4679,2.9,42.33,46.01,0.1817,0.5013,1.0,0.6747
1.0,0.5,0,DFL-MVO,DFL-MVO (LB=252),9.81,0.5691,2.83,33.83,38.87,0.2899,1.0,1.0,0.4731
1.0,0.5,0,DFL-MVO,DFL-MVO (LB=504),11.3,0.5954,3.22,42.38,46.84,0.2666,1.0,1.0,0.5161
1.0,0.5,0,PTO-MDD,"PTO-MDD (LB=252, n1=0.1)",0.46,0.1703,4.25,77.47,116.35,0.0059,0.7131,1.0,0.0758
1.0,0.5,0,PTO-MDD,"PTO-MDD (LB=252, n1=0.2)",1.65,0.2112,4.43,77.47,116.35,0.0213,0.8027,1.0,0.0707
1.0,0.5,0,PTO-MDD,"PTO-MDD (LB=252, n1=0.3)",-0.51,0.14,4.23,77.47,116.35,-0.0066,0.7263,1.0,0.0848
1.0,0.5,0,PTO-MDD,"PTO-MDD (LB=252, n1=0.4)",-0.17,0.1539,4.38,77.47,116.35,-0.0022,0.7347,1.0,0.0892
1.0,0.5,0,PTO-MDD,"PTO-MDD (LB=504, n1=0.1)",6.09,0.3431,4.58,77.47,116.35,0.0786,0.7402,1.0,0.0815
1.0,0.5,0,PTO-MDD,"PTO-MDD (LB=504, n1=0.2)",2.45,0.2401,4.67,77.47,116.35,0.0317,0.8189,1.0,0.0885
1.0,0.5,0,PTO-MDD,"PTO-MDD (LB=504, n1=0.3)",3.01,0.2561,4.66,77.47,116.35,0.0388,0.8231,1.0,0.0951
1.0,0.5,0,PTO-MDD,"PTO-MDD (LB=504, n1=0.4)",1.99,0.2242,4.51,77.47,116.35,0.0257,0.7293,1.0,0.0882
1.0,0.5,0,PTO-MVO,PTO-MVO (LB=252),7.52,0.503,2.57,36.02,39.18,0.2086,0.1865,0.3826,0.0803
1.0,0.5,0,PTO-MVO,PTO-MVO (LB=504),5.72,0.4001,2.63,37.39,40.7,0.1531,0.186,0.3097,0.0545
1.0,0.5,0,Benchmark,EW,11.9,0.6541,3.02,38.73,42.74,0.3072,0.1,0.1,0.0327
1.0,0.5,0,Benchmark,GMV (LB=252),7.91,0.5268,2.56,34.81,37.83,0.2274,0.1792,0.3623,0.0797
1.0,0.5,0,Benchmark,hist-MVO (LB=252),11.5,0.6811,2.77,33.62,36.7,0.342,0.2261,0.4886,0.2701
1.0,0.5,0,Benchmark,GMV (LB=504),6.41,0.4388,2.61,36.14,39.3,0.1774,0.1838,0.2967,0.0531
1.0,0.5,0,Benchmark,hist-MVO (LB=504),7.73,0.4935,2.76,33.61,36.44,0.2299,0.1979,0.4077,0.1495
1.0,0.5,5,DFL-MDD,"DFL-MDD (LB=252, n1=0.1)",7.54,0.5162,2.45,30.98,33.28,0.2435,0.3412,0.8146,0.5163
1.0,0.5,5,DFL-MDD,"DFL-MDD (LB=252, n1=0.2)",7.78,0.5075,2.6,33.19,36.16,0.2345,0.4312,0.8418,0.5536
1.0,0.5,5,DFL-MDD,"DFL-MDD (LB=252, n1=0.3)",2.21,0.2097,3.02,42.83,50.53,0.0517,0.5181,1.0,0.6561
1.0,0.5,5,DFL-MDD,"DFL-MDD (LB=252, n1=0.4)",4.99,0.37,2.44,33.15,35.62,0.1504,0.731,1.0,0.4328
1.0,0.5,5,DFL-MDD,"DFL-MDD (LB=504, n1=0.1)",6.48,0.4339,2.65,39.19,42.25,0.1653,0.3029,0.7616,0.5518
1.0,0.5,5,DFL-MDD,"DFL-MDD (LB=504, n1=0.2)",7.45,0.4903,2.49,36.17,38.92,0.206,0.4662,1.0,0.6405
1.0,0.5,5,DFL-MDD,"DFL-MDD (LB=504, n1=0.3)",1.71,0.1842,2.59,33.4,36.06,0.0511,0.5346,1.0,0.6389
1.0,0.5,5,DFL-MDD,"DFL-MDD (LB=504, n1=0.4)",7.26,0.4481,2.9,42.36,46.04,0.1714,0.5013,1.0,0.6747
1.0,0.5,5,DFL-MVO,DFL-MVO (LB=252),9.5,0.5551,2.83,33.9,38.96,0.2802,1.0,1.0,0.4731
1.0,0.5,5,DFL-MVO,DFL-MVO (LB=504),10.96,0.5814,3.22,42.38,46.84,0.2585,1.0,1.0,0.5161
1.0,0.5,5,PTO-MDD,"PTO-MDD (LB=252, n1=0.1)",0.41,0.1689,4.25,77.47,116.35,0.0053,0.7131,1.0,0.0758
1.0,0.5,5,PTO-MDD,"PTO-MDD (LB=252, n1=0.2)",1.6,0.2099,4.43,77.47,116.35,0.0207,0.8027,1.0,0.0707
1.0,0.5,5,PTO-MDD,"PTO-MDD (LB=252, n1=0.3)",-0.56,0.1384,4.23,77.47,116.35,-0.0073,0.7263,1.0,0.0848
1.0,0.5,5,PTO-MDD,"PTO-MDD (LB=252, n1=0.4)",-0.23,0.1522,4.38,77.47,116.35,-0.0029,0.7347,1.0,0.0892
1.0,0.5,5,PTO-MDD,"PTO-MDD (LB=504, n1=0.1)",6.04,0.3417,4.58,77.47,116.35,0.078,0.7402,1.0,0.0815
1.0,0.5,5,PTO-MDD,"PTO-MDD (LB=504, n1=0.2)",2.4,0.2385,4.67,77.47,116.35,0.031,0.8189,1.0,0.0885
1.0,0.5,5,PTO-MDD,"PTO-MDD (LB=504, n1=0.3)",2.95,0.2545,4.66,77.47,116.35,0.0381,0.8231,1.0,0.0951
1.0,0.5,5,PTO-MDD,"PTO-MDD (LB=504, n1=0.4)",1.94,0.2226,4.51,77.47,116.35,0.025,0.7293,1.0,0.0882
1.0,0.5,5,PTO-MVO,PTO-MVO (LB=252),7.46,0.5003,2.57,36.03,39.19,0.2072,0.1865,0.3826,0.0803
1.0,0.5,5,PTO-MVO,PTO-MVO (LB=504),5.69,0.3983,2.63,37.39,40.7,0.1521,0.186,0.3097,0.0545
1.0,0.5,5,Benchmark,EW,11.87,0.6531,3.02,38.73,42.74,0.3066,0.1,0.1,0.0327
1.0,0.5,5,Benchmark,GMV (LB=252),7.86,0.5241,2.56,34.81,37.83,0.2259,0.1792,0.3623,0.0797
1.0,0.5,5,Benchmark,hist-MVO (LB=252),11.32,0.6724,2.77,33.63,36.71,0.3366,0.2261,0.4886,0.2701
1.0,0.5,5,Benchmark,GMV (LB=504),6.38,0.4371,2.61,36.15,39.3,0.1765,0.1838,0.2967,0.0531
1.0,0.5,5,Benchmark,hist-MVO (LB=504),7.63,0.4887,2.76,33.62,36.45,0.227,0.1979,0.4077,0.1495
1.0,0.5,10,DFL-MDD,"DFL-MDD (LB=252, n1=0.1)",7.21,0.498,2.45,30.99,33.29,0.2328,0.3412,0.8146,0.5163
1.0,0.5,10,DFL-MDD,"DFL-MDD (LB=252, n1=0.2)",7.43,0.4892,2.6,33.2,36.17,0.2237,0.4312,0.8418,0.5536
1.0,0.5,10,DFL-MDD,"DFL-MDD (LB=252, n1=0.3)",1.82,0.1901,3.02,43.31,51.35,0.0419,0.5181,1.0,0.6561
1.0,0.5,10,DFL-MDD,"DFL-MDD (LB=252, n1=0.4)",4.72,0.355,2.44,33.19,35.68,0.1421,0.731,1.0,0.4328
1.0,0.5,10,DFL-MDD,"DFL-MDD (LB=504, n1=0.1)",6.13,0.4161,2.65,39.24,42.28,0.1562,0.3029,0.7616,0.5518
1.0,0.5,10,DFL-MDD,"DFL-MDD (LB=504, n1=0.2)",7.04,0.4691,2.49,36.2,38.96,0.1946,0.4662,1.0,0.6405
1.0,0.5,10,DFL-MDD,"DFL-MDD (LB=504, n1=0.3)",1.32,0.163,2.59,33.42,36.08,0.0395,0.5346,1.0,0.6389
1.0,0.5,10,DFL-MDD,"DFL-MDD (LB=504, n1=0.4)",6.83,0.4283,2.9,42.39,46.07,0.1612,0.5013,1.0,0.6747
1.0,0.5,10,DFL-MVO,DFL-MVO (LB=252),9.19,0.5409,2.83,33.96,39.06,0.2706,1.0,1.0,0.4731
1.0,0.5,10,DFL-MVO,DFL-MVO (LB=504),10.62,0.5675,3.22,42.38,46.84,0.2505,1.0,1.0,0.5161
1.0,0.5,10,PTO-MDD,"PTO-MDD (LB=252, n1=0.1)",0.37,0.1674,4.25,77.47,116.35,0.0047,0.7131,1.0,0.0758
1.0,0.5,10,PTO-MDD,"PTO-MDD (LB=252, n1=0.2)",1.56,0.2086,4.43,77.47,116.35,0.0201,0.8027,1.0,0.0707
1.0,0.5,10,PTO-MDD,"PTO-MDD (LB=252, n1=0.3)",-0.61,0.1368,4.23,77.47,116.35,-0.0079,0.7263,1.0,0.0848
1.0,0.5,10,PTO-MDD,"PTO-MDD (LB=252, n1=0.4)",-0.28,0.1506,4.38,77.47,116.35,-0.0036,0.7347,1.0,0.0892
1.0,0.5,10,PTO-MDD,"PTO-MDD (LB=504, n1=0.1)",5.99,0.3402,4.58,77.47,116.35,0.0773,0.7402,1.0,0.0815
1.0,0.5,10,PTO-MDD,"PTO-MDD (LB=504, n1=0.2)",2.35,0.237,4.67,77.47,116.35,0.0303,0.8189,1.0,0.0885
1.0,0.5,10,PTO-MDD,"PTO-MDD (LB=504, n1=0.3)",2.89,0.2528,4.66,77.47,116.35,0.0373,0.8231,1.0,0.0951
1.0,0.5,10,PTO-MDD,"PTO-MDD (LB=504, n1=0.4)",1.89,0.221,4.51,77.47,116.35,0.0243,0.7293,1.0,0.0882
1.0,0.5,10,PTO-MVO,PTO-MVO (LB=252),7.41,0.4976,2.57,36.03,39.19,0.2058,0.1865,0.3826,0.0803
1.0,0.5,10,PTO-MVO,PTO-MVO (LB=504),5.65,0.3965,2.63,37.4,40.7,0.1512,0.186,0.3097,0.0545
1.0,0.5,10,Benchmark,EW,11.85,0.6522,3.02,38.73,42.74,0.306,0.1,0.1,0.0327
1.0,0.5,10,Benchmark,GMV (LB=252),7.81,0.5214,2.56,34.82,37.84,0.2244,0.1792,0.3623,0.0797
1.0,0.5,10,Benchmark,hist-MVO (LB=252),11.14,0.6638,2.77,33.64,36.72,0.3311,0.2261,0.4886,0.2701
1.0,0.5,10,Benchmark,GMV (LB=504),6.34,0.4353,2.61,36.15,39.31,0.1755,0.1838,0.2967,0.0531
1.0,0.5,10,Benchmark,hist-MVO (LB=504),7.54,0.4839,2.76,33.62,36.46,0.2241,0.1979,0.4077,0.1495
1.0,0.5,20,DFL-MDD,"DFL-MDD (LB=252, n1=0.1)",6.56,0.4615,2.45,31.01,33.31,0.2115,0.3412,0.8146,0.5163
1.0,0.5,20,DFL-MDD,"DFL-MDD (LB=252, n1=0.2)",6.72,0.4526,2.61,33.24,36.2,0.2023,0.4312,0.8418,0.5536
1.0,0.5,20,DFL-MDD,"DFL-MDD (LB=252, n1=0.3)",1.02,0.1509,3.02,44.26,53.0,0.0231,0.5181,1.0,0.6561
1.0,0.5,20,DFL-MDD,"DFL-MDD (LB=252, n1=0.4)",4.18,0.325,2.44,33.28,35.8,0.1256,0.731,1.0,0.4328
1.0,0.5,20,DFL-MDD,"DFL-MDD (LB=504, n1=0.1)",5.44,0.3804,2.66,39.36,42.4,0.1381,0.3029,0.7616,0.5518
1.0,0.5,20,DFL-MDD,"DFL-MDD (LB=504, n1=0.2)",6.23,0.4267,2.5,36.26,39.02,0.1718,0.4662,1.0,0.6405
1.0,0.5,20,DFL-MDD,"DFL-MDD (LB=504, n1=0.3)",0.55,0.1205,2.59,33.46,36.11,0.0165,0.5346,1.0,0.6389
1.0,0.5,20,DFL-MDD,"DFL-MDD (LB=504, n1=0.4)",5.98,0.3886,2.91,42.45,46.13,0.1408,0.5013,1.0,0.6747
1.0,0.5,20,DFL-MVO,DFL-MVO (LB=252),8.58,0.5125,2.83,34.1,39.25,0.2516,1.0,1.0,0.4731
1.0,0.5,20,DFL-MVO,DFL-MVO (LB=504),9.94,0.5395,3.22,42.38,46.84,0.2345,1.0,1.0,0.5161
1.0,0.5,20,PTO-MDD,"PTO-MDD (LB=252, n1=0.1)",0.28,0.1646,4.25,77.47,116.35,0.0036,0.7131,1.0,0.0758
1.0,0.5,20,PTO-MDD,"PTO-MDD (LB=252, n1=0.2)",1.48,0.206,4.43,77.47,116.35,0.019,0.8027,1.0,0.0707
1.0,0.5,20,PTO-MDD,"PTO-MDD (LB=252, n1=0.3)",-0.71,0.1336,4.23,77.47,116.35,-0.0092,0.7263,1.0,0.0848
1.0,0.5,20,PTO-MDD,"PTO-MDD (LB=252, n1=0.4)",-0.38,0.1472,4.38,77.47,116.35,-0.005,0.7347,1.0,0.0892
1.0,0.5,20,PTO-MDD,"PTO-MDD (LB=504, n1=0.1)",5.89,0.3373,4.58,77.47,116.35,0.076,0.7402,1.0,0.0815
1.0,0.5,20,PTO-MDD,"PTO-MDD (LB=504, n1=0.2)",2.24,0.2339,4.67,77.47,116.35,0.0289,0.8189,1.0,0.0885
1.0,0.5,20,PTO-MDD,"PTO-MDD (LB=504, n1=0.3)",2.78,0.2495,4.66,77.47,116.35,0.0358,0.8231,1.0,0.0951
1.0,0.5,20,PTO-MDD,"PTO-MDD (LB=504, n1=0.4)",1.78,0.2179,4.51,77.47,116.35,0.023,0.7293,1.0,0.0882
1.0,0.5,20,PTO-MVO,PTO-MVO (LB=252),7.31,0.4921,2.57,36.04,39.2,0.2029,0.1865,0.3826,0.0803
1.0,0.5,20,PTO-MVO,PTO-MVO (LB=504),5.59,0.3929,2.63,37.4,40.71,0.1494,0.186,0.3097,0.0545
1.0,0.5,20,Benchmark,EW,11.81,0.6503,3.02,38.73,42.74,0.3049,0.1,0.1,0.0327
1.0,0.5,20,Benchmark,GMV (LB=252),7.71,0.5159,2.56,34.82,37.85,0.2214,0.1792,0.3623,0.0797
1.0,0.5,20,Benchmark,hist-MVO (LB=252),10.78,0.6465,2.77,33.66,36.75,0.3203,0.2261,0.4886,0.2701
1.0,0.5,20,Benchmark,GMV (LB=504),6.28,0.4318,2.61,36.15,39.31,0.1736,0.1838,0.2967,0.0531
1.0,0.5,20,Benchmark,hist-MVO (LB=504),7.35,0.4744,2.76,33.64,36.47,0.2184,0.1979,0.4077,0.1495
1.0,0.5,40,DFL-MDD,"DFL-MDD (LB=252, n1=0.1)",5.26,0.3885,2.46,31.47,33.35,0.1671,0.3412,0.8146,0.5163
1.0,0.5,40,DFL-MDD,"DFL-MDD (LB=252, n1=0.2)",5.33,0.3791,2.61,33.31,36.25,0.1599,0.4312,0.8418,0.5536
1.0,0.5,40,DFL-MDD,"DFL-MDD (LB=252, n1=0.3)",-0.54,0.0724,3.02,46.12,56.31,-0.0117,0.5181,1.0,0.6561
1.0,0.5,40,DFL-MDD,"DFL-MDD (LB=252, n1=0.4)",3.11,0.2648,2.45,33.47,36.03,0.0929,0.731,1.0,0.4328
1.0,0.5,40,DFL-MDD,"DFL-MDD (LB=504, n1=0.1)",4.06,0.3089,2.66,39.6,42.73,0.1026,0.3029,0.7616,0.5518
1.0,0.5,40,DFL-MDD,"DFL-MDD (LB=504, n1=0.2)",4.62,0.3416,2.5,36.43,39.19,0.1269,0.4662,1.0,0.6405
1.0,0.5,40,DFL-MDD,"DFL-MDD (LB=504, n1=0.3)",-0.96,0.0355,2.6,34.19,36.18,-0.0282,0.5346,1.0,0.6389
1.0,0.5,40,DFL-MDD,"DFL-MDD (LB=504, n1=0.4)",4.29,0.3092,2.92,42.57,46.25,0.1008,0.5013,1.0,0.6747
1.0,0.5,40,DFL-MVO,DFL-MVO (LB=252),7.36,0.4555,2.84,34.36,39.63,0.2142,1.0,1.0,0.4731
1.0,0.5,40,DFL-MVO,DFL-MVO (LB=504),8.59,0.4831,3.22,42.38,46.84,0.2027,1.0,1.0,0.5161
1.0,0.5,40,PTO-MDD,"PTO-MDD (LB=252, n1=0.1)",0.09,0.1588,4.25,77.47,116.35,0.0012,0.7131,1.0,0.0758
1.0,0.5,40,PTO-MDD,"PTO-MDD (LB=252, n1=0.2)",1.31,0.2008,4.43,77.47,116.35,0.0168,0.8027,1.0,0.0707
1.0,0.5,40,PTO-MDD,"PTO-MDD (LB=252, n1=0.3)",-0.92,0.1272,4.23,77.47,116.35,-0.0118,0.7263,1.0,0.0848
1.0,0.5,40,PTO-MDD,"PTO-MDD (LB=252, n1=0.4)",-0.6,0.1406,4.38,77.47,116.35,-0.0077,0.7347,1.0,0.0892
1.0,0.5,40,PTO-MDD,"PTO-MDD (LB=504, n1=0.1)",5.68,0.3316,4.58,77.47,116.35,0.0733,0.7402,1.0,0.0815
1.0,0.5,40,PTO-MDD,"PTO-MDD (LB=504, n1=0.2)",2.02,0.2277,4.67,77.47,116.35,0.0261,0.8189,1.0,0.0885
1.0,0.5,40,PTO-MDD,"PTO-MDD (LB=504, n1=0.3)",2.54,0.2428,4.66,77.47,116.35,0.0328,0.8231,1.0,0.0951
1.0,0.5,40,PTO-MDD,"PTO-MDD (LB=504, n1=0.4)",1.57,0.2115,4.51,77.47,116.35,0.0202,0.7293,1.0,0.0882
1.0,0.5,40,PTO-MVO,PTO-MVO (LB=252),7.11,0.4812,2.57,36.05,39.21,0.1971,0.1865,0.3826,0.0803
1.0,0.5,40,PTO-MVO,PTO-MVO (LB=504),5.45,0.3857,2.63,37.41,40.72,0.1457,0.186,0.3097,0.0545
1.0,0.5,40,Benchmark,EW,11.72,0.6465,3.02,38.74,42.75,0.3026,0.1,0.1,0.0327
1.0,0.5,40,Benchmark,GMV (LB=252),7.51,0.5051,2.56,34.84,37.86,0.2154,0.1792,0.3623,0.0797
1.0,0.5,40,Benchmark,hist-MVO (LB=252),10.07,0.6118,2.77,33.71,36.79,0.2989,0.2261,0.4886,0.2701
1.0,0.5,40,Benchmark,GMV (LB=504),6.14,0.4247,2.61,36.17,39.32,0.1699,0.1838,0.2967,0.0531
1.0,0.5,40,Benchmark,hist-MVO (LB=504),6.96,0.4553,2.76,33.66,36.5,0.2069,0.1979,0.4077,0.1495
1.0,0.7,0,DFL-MDD,"DFL-MDD (LB=252, n1=0.1)",9.4,0.6104,2.49,32.16,34.95,0.2924,0.3341,0.7376,0.5206
1.0,0.7,0,DFL-MDD,"DFL-MDD (LB=252, n1=0.2)",5.82,0.3993,2.73,36.42,39.76,0.1597,0.4796,1.0,0.5022
1.0,0.7,0,DFL-MDD,"DFL-MDD (LB=252, n1=0.3)",7.38,0.4816,2.72,29.46,31.97,0.2505,0.5474,1.0,0.4882
1.0,0.7,0,DFL-MDD,"DFL-MDD (LB=252, n1=0.4)",10.0,0.6379,2.6,26.05,27.93,0.3839,0.4995,1.0,0.7168
1.0,0.7,0,DFL-MDD,"DFL-MDD (LB=504, n1=0.1)",10.62,0.6343,2.7,33.5,36.3,0.3171,0.3245,0.8952,0.6115
1.0,0.7,0,DFL-MDD,"DFL-MDD (LB=504, n1=0.2)",11.73,0.7034,2.7,32.45,35.52,0.3615,0.3907,1.0,0.7293
1.0,0.7,0,DFL-MDD,"DFL-MDD (LB=504, n1=0.3)",9.24,0.5761,2.69,32.67,35.28,0.2828,0.4489,0.9253,0.6999
1.0,0.7,0,DFL-MDD,"DFL-MDD (LB=504, n1=0.4)",7.42,0.4603,2.99,35.95,38.7,0.2063,0.5408,1.0,0.7623
1.0,0.7,0,DFL-MVO,DFL-MVO (LB=252),7.13,0.4122,3.35,40.95,44.25,0.1742,1.0,1.0,0.4731
1.0,0.7,0,DFL-MVO,DFL-MVO (LB=504),9.35,0.529,3.12,43.58,48.79,0.2146,1.0,1.0,0.2581
1.0,0.7,0,PTO-MDD,"PTO-MDD (LB=252, n1=0.1)",0.46,0.1703,4.25,77.47,116.35,0.0059,0.7131,1.0,0.0758
1.0,0.7,0,PTO-MDD,"PTO-MDD (LB=252, n1=0.2)",1.65,0.2112,4.43,77.47,116.35,0.0213,0.8027,1.0,0.0707
1.0,0.7,0,PTO-MDD,"PTO-MDD (LB=252, n1=0.3)",-0.51,0.14,4.23,77.47,116.35,-0.0066,0.7263,1.0,0.0848
1.0,0.7,0,PTO-MDD,"PTO-MDD (LB=252, n1=0.4)",-0.17,0.1539,4.38,77.47,116.35,-0.0022,0.7347,1.0,0.0892
1.0,0.7,0,PTO-MDD,"PTO-MDD (LB=504, n1=0.1)",6.09,0.3431,4.58,77.47,116.35,0.0786,0.7402,1.0,0.0815
1.0,0.7,0,PTO-MDD,"PTO-MDD (LB=504, n1=0.2)",2.45,0.2401,4.67,77.47,116.35,0.0317,0.8189,1.0,0.0885
1.0,0.7,0,PTO-MDD,"PTO-MDD (LB=504, n1=0.3)",3.01,0.2561,4.66,77.47,116.35,0.0388,0.8231,1.0,0.0951
1.0,0.7,0,PTO-MDD,"PTO-MDD (LB=504, n1=0.4)",1.99,0.2242,4.51,77.47,116.35,0.0257,0.7293,1.0,0.0882
1.0,0.7,0,PTO-MVO,PTO-MVO (LB=252),7.52,0.503,2.57,36.02,39.18,0.2086,0.1865,0.3826,0.0803
1.0,0.7,0,PTO-MVO,PTO-MVO (LB=504),5.72,0.4001,2.63,37.39,40.7,0.1531,0.186,0.3097,0.0545
1.0,0.7,0,Benchmark,EW,11.9,0.6541,3.02,38.73,42.74,0.3072,0.1,0.1,0.0327
1.0,0.7,0,Benchmark,GMV (LB=252),7.91,0.5268,2.56,34.81,37.83,0.2274,0.1792,0.3623,0.0797
1.0,0.7,0,Benchmark,hist-MVO (LB=252),11.5,0.6811,2.77,33.62,36.7,0.342,0.2261,0.4886,0.2701
1.0,0.7,0,Benchmark,GMV (LB=504),6.41,0.4388,2.61,36.14,39.3,0.1774,0.1838,0.2967,0.0531
1.0,0.7,0,Benchmark,hist-MVO (LB=504),7.73,0.4935,2.76,33.61,36.44,0.2299,0.1979,0.4077,0.1495
1.0,0.7,5,DFL-MDD,"DFL-MDD (LB=252, n1=0.1)",9.07,0.5925,2.49,32.27,35.1,0.2809,0.3341,0.7376,0.5206
1.0,0.7,5,DFL-MDD,"DFL-MDD (LB=252, n1=0.2)",5.5,0.3831,2.73,36.44,39.77,0.151,0.4796,1.0,0.5022
1.0,0.7,5,DFL-MDD,"DFL-MDD (LB=252, n1=0.3)",7.07,0.4657,2.72,29.46,31.96,0.2399,0.5474,1.0,0.4882
1.0,0.7,5,DFL-MDD,"DFL-MDD (LB=252, n1=0.4)",9.53,0.6134,2.6,26.1,27.97,0.3652,0.4995,1.0,0.7168
1.0,0.7,5,DFL-MDD,"DFL-MDD (LB=504, n1=0.1)",10.22,0.6149,2.7,33.52,36.32,0.305,0.3245,0.8952,0.6115
1.0,0.7,5,DFL-MDD,"DFL-MDD (LB=504, n1=0.2)",11.25,0.6795,2.71,32.48,35.55,0.3463,0.3907,1.0,0.7293
1.0,0.7,5,DFL-MDD,"DFL-MDD (LB=504, n1=0.3)",8.79,0.5534,2.69,32.69,35.3,0.2688,0.4489,0.9253,0.6999
1.0,0.7,5,DFL-MDD,"DFL-MDD (LB=504, n1=0.4)",6.93,0.4374,2.99,35.96,38.7,0.1928,0.5408,1.0,0.7623
1.0,0.7,5,DFL-MVO,DFL-MVO (LB=252),6.83,0.4001,3.35,40.95,44.25,0.1669,1.0,1.0,0.4731
1.0,0.7,5,DFL-MVO,DFL-MVO (LB=504),9.19,0.5218,3.12,43.64,48.89,0.2105,1.0,1.0,0.2581
1.0,0.7,5,PTO-MDD,"PTO-MDD (LB=252, n1=0.1)",0.41,0.1689,4.25,77.47,116.35,0.0053,0.7131,1.0,0.0758
1.0,0.7,5,PTO-MDD,"PTO-MDD (LB=252, n1=0.2)",1.6,0.2099,4.43,77.47,116.35,0.0207,0.8027,1.0,0.0707
1.0,0.7,5,PTO-MDD,"PTO-MDD (LB=252, n1=0.3)",-0.56,0.1384,4.23,77.47,116.35,-0.0073,0.7263,1.0,0.0848
1.0,0.7,5,PTO-MDD,"PTO-MDD (LB=252, n1=0.4)",-0.23,0.1522,4.38,77.47,116.35,-0.0029,0.7347,1.0,0.0892
1.0,0.7,5,PTO-MDD,"PTO-MDD (LB=504, n1=0.1)",6.04,0.3417,4.58,77.47,116.35,0.078,0.7402,1.0,0.0815
1.0,0.7,5,PTO-MDD,"PTO-MDD (LB=504, n1=0.2)",2.4,0.2385,4.67,77.47,116.35,0.031,0.8189,1.0,0.0885
1.0,0.7,5,PTO-MDD,"PTO-MDD (LB=504, n1=0.3)",2.95,0.2545,4.66,77.47,116.35,0.0381,0.8231,1.0,0.0951
1.0,0.7,5,PTO-MDD,"PTO-MDD (LB=504, n1=0.4)",1.94,0.2226,4.51,77.47,116.35,0.025,0.7293,1.0,0.0882
1.0,0.7,5,PTO-MVO,PTO-MVO (LB=252),7.46,0.5003,2.57,36.03,39.19,0.2072,0.1865,0.3826,0.0803
1.0,0.7,5,PTO-MVO,PTO-MVO (LB=504),5.69,0.3983,2.63,37.39,40.7,0.1521,0.186,0.3097,0.0545
1.0,0.7,5,Benchmark,EW,11.87,0.6531,3.02,38.73,42.74,0.3066,0.1,0.1,0.0327
1.0,0.7,5,Benchmark,GMV (LB=252),7.86,0.5241,2.56,34.81,37.83,0.2259,0.1792,0.3623,0.0797
1.0,0.7,5,Benchmark,hist-MVO (LB=252),11.32,0.6724,2.77,33.63,36.71,0.3366,0.2261,0.4886,0.2701
1.0,0.7,5,Benchmark,GMV (LB=504),6.38,0.4371,2.61,36.15,39.3,0.1765,0.1838,0.2967,0.0531
1.0,0.7,5,Benchmark,hist-MVO (LB=504),7.63,0.4887,2.76,33.62,36.45,0.227,0.1979,0.4077,0.1495
1.0,0.7,10,DFL-MDD,"DFL-MDD (LB=252, n1=0.1)",8.73,0.5745,2.49,32.39,35.25,0.2695,0.3341,0.7376,0.5206
1.0,0.7,10,DFL-MDD,"DFL-MDD (LB=252, n1=0.2)",5.19,0.3669,2.73,36.48,39.82,0.1422,0.4796,1.0,0.5022
1.0,0.7,10,DFL-MDD,"DFL-MDD (LB=252, n1=0.3)",6.76,0.4498,2.72,29.46,31.96,0.2294,0.5474,1.0,0.4882
1.0,0.7,10,DFL-MDD,"DFL-MDD (LB=252, n1=0.4)",9.07,0.5888,2.6,26.15,28.02,0.3467,0.4995,1.0,0.7168
1.0,0.7,10,DFL-MDD,"DFL-MDD (LB=504, n1=0.1)",9.82,0.5955,2.7,33.54,36.33,0.2929,0.3245,0.8952,0.6115
1.0,0.7,10,DFL-MDD,"DFL-MDD (LB=504, n1=0.2)",10.77,0.6556,2.71,32.51,35.58,0.3312,0.3907,1.0,0.7293
1.0,0.7,10,DFL-MDD,"DFL-MDD (LB=504, n1=0.3)",8.34,0.5306,2.7,32.71,35.32,0.2548,0.4489,0.9253,0.6999
1.0,0.7,10,DFL-MDD,"DFL-MDD (LB=504, n1=0.4)",6.45,0.4145,2.99,35.96,38.69,0.1793,0.5408,1.0,0.7623
1.0,0.7,10,DFL-MVO,DFL-MVO (LB=252),6.53,0.388,3.35,40.95,44.25,0.1595,1.0,1.0,0.4731
1.0,0.7,10,DFL-MVO,DFL-MVO (LB=504),9.02,0.5145,3.12,43.69,48.98,0.2064,1.0,1.0,0.2581
1.0,0.7,10,PTO-MDD,"PTO-MDD (LB=252, n1=0.1)",0.37,0.1674,4.25,77.47,116.35,0.0047,0.7131,1.0,0.0758
1.0,0.7,10,PTO-MDD,"PTO-MDD (LB=252, n1=0.2)",1.56,0.2086,4.43,77.47,116.35,0.0201,0.8027,1.0,0.0707
1.0,0.7,10,PTO-MDD,"PTO-MDD (LB=252, n1=0.3)",-0.61,0.1368,4.23,77.47,116.35,-0.0079,0.7263,1.0,0.0848
1.0,0.7,10,PTO-MDD,"PTO-MDD (LB=252, n1=0.4)",-0.28,0.1506,4.38,77.47,116.35,-0.0036,0.7347,1.0,0.0892
1.0,0.7,10,PTO-MDD,"PTO-MDD (LB=504, n1=0.1)",5.99,0.3402,4.58,77.47,116.35,0.0773,0.7402,1.0,0.0815
1.0,0.7,10,PTO-MDD,"PTO-MDD (LB=504, n1=0.2)",2.35,0.237,4.67,77.47,116.35,0.0303,0.8189,1.0,0.0885
1.0,0.7,10,PTO-MDD,"PTO-MDD (LB=504, n1=0.3)",2.89,0.2528,4.66,77.47,116.35,0.0373,0.8231,1.0,0.0951
1.0,0.7,10,PTO-MDD,"PTO-MDD (LB=504, n1=0.4)",1.89,0.221,4.51,77.47,116.35,0.0243,0.7293,1.0,0.0882
1.0,0.7,10,PTO-MVO,PTO-MVO (LB=252),7.41,0.4976,2.57,36.03,39.19,0.2058,0.1865,0.3826,0.0803
1.0,0.7,10,PTO-MVO,PTO-MVO (LB=504),5.65,0.3965,2.63,37.4,40.7,0.1512,0.186,0.3097,0.0545
1.0,0.7,10,Benchmark,EW,11.85,0.6522,3.02,38.73,42.74,0.306,0.1,0.1,0.0327
1.0,0.7,10,Benchmark,GMV (LB=252),7.81,0.5214,2.56,34.82,37.84,0.2244,0.1792,0.3623,0.0797
1.0,0.7,10,Benchmark,hist-MVO (LB=252),11.14,0.6638,2.77,33.64,36.72,0.3311,0.2261,0.4886,0.2701
1.0,0.7,10,Benchmark,GMV (LB=504),6.34,0.4353,2.61,36.15,39.31,0.1755,0.1838,0.2967,0.0531
1.0,0.7,10,Benchmark,hist-MVO (LB=504),7.54,0.4839,2.76,33.62,36.46,0.2241,0.1979,0.4077,0.1495
1.0,0.7,20,DFL-MDD,"DFL-MDD (LB=252, n1=0.1)",8.06,0.5384,2.49,32.62,35.56,0.2471,0.3341,0.7376,0.5206
1.0,0.7,20,DFL-MDD,"DFL-MDD (LB=252, n1=0.2)",4.56,0.3345,2.73,36.59,39.96,0.1247,0.4796,1.0,0.5022
1.0,0.7,20,DFL-MDD,"DFL-MDD (LB=252, n1=0.3)",6.14,0.418,2.72,29.49,31.96,0.2082,0.5474,1.0,0.4882
1.0,0.7,20,DFL-MDD,"DFL-MDD (LB=252, n1=0.4)",8.14,0.5395,2.61,26.26,28.11,0.3101,0.4995,1.0,0.7168
1.0,0.7,20,DFL-MDD,"DFL-MDD (LB=504, n1=0.1)",9.03,0.5565,2.7,33.57,36.36,0.2689,0.3245,0.8952,0.6115
1.0,0.7,20,DFL-MDD,"DFL-MDD (LB=504, n1=0.2)",9.81,0.6077,2.71,32.58,35.64,0.3012,0.3907,1.0,0.7293
1.0,0.7,20,DFL-MDD,"DFL-MDD (LB=504, n1=0.3)",7.44,0.485,2.7,32.75,35.35,0.2271,0.4489,0.9253,0.6999
1.0,0.7,20,DFL-MDD,"DFL-MDD (LB=504, n1=0.4)",5.49,0.3687,2.99,35.96,38.69,0.1526,0.5408,1.0,0.7623
1.0,0.7,20,DFL-MVO,DFL-MVO (LB=252),5.93,0.3637,3.36,40.95,44.25,0.1449,1.0,1.0,0.4731
1.0,0.7,20,DFL-MVO,DFL-MVO (LB=504),8.68,0.4998,3.12,43.81,49.18,0.1982,1.0,1.0,0.2581
1.0,0.7,20,PTO-MDD,"PTO-MDD (LB=252, n1=0.1)",0.28,0.1646,4.25,77.47,116.35,0.0036,0.7131,1.0,0.0758
1.0,0.7,20,PTO-MDD,"PTO-MDD (LB=252, n1=0.2)",1.48,0.206,4.43,77.47,116.35,0.019,0.8027,1.0,0.0707
1.0,0.7,20,PTO-MDD,"PTO-MDD (LB=252, n1=0.3)",-0.71,0.1336,4.23,77.47,116.35,-0.0092,0.7263,1.0,0.0848
1.0,0.7,20,PTO-MDD,"PTO-MDD (LB=252, n1=0.4)",-0.38,0.1472,4.38,77.47,116.35,-0.005,0.7347,1.0,0.0892
1.0,0.7,20,PTO-MDD,"PTO-MDD (LB=504, n1=0.1)",5.89,0.3373,4.58,77.47,116.35,0.076,0.7402,1.0,0.0815
1.0,0.7,20,PTO-MDD,"PTO-MDD (LB=504, n1=0.2)",2.24,0.2339,4.67,77.47,116.35,0.0289,0.8189,1.0,0.0885
1.0,0.7,20,PTO-MDD,"PTO-MDD (LB=504, n1=0.3)",2.78,0.2495,4.66,77.47,116.35,0.0358,0.8231,1.0,0.0951
1.0,0.7,20,PTO-MDD,"PTO-MDD (LB=504, n1=0.4)",1.78,0.2179,4.51,77.47,116.35,0.023,0.7293,1.0,0.0882
1.0,0.7,20,PTO-MVO,PTO-MVO (LB=252),7.31,0.4921,2.57,36.04,39.2,0.2029,0.1865,0.3826,0.0803
1.0,0.7,20,PTO-MVO,PTO-MVO (LB=504),5.59,0.3929,2.63,37.4,40.71,0.1494,0.186,0.3097,0.0545
1.0,0.7,20,Benchmark,EW,11.81,0.6503,3.02,38.73,42.74,0.3049,0.1,0.1,0.0327
1.0,0.7,20,Benchmark,GMV (LB=252),7.71,0.5159,2.56,34.82,37.85,0.2214,0.1792,0.3623,0.0797
1.0,0.7,20,Benchmark,hist-MVO (LB=252),10.78,0.6465,2.77,33.66,36.75,0.3203,0.2261,0.4886,0.2701
1.0,0.7,20,Benchmark,GMV (LB=504),6.28,0.4318,2.61,36.15,39.31,0.1736,0.1838,0.2967,0.0531
1.0,0.7,20,Benchmark,hist-MVO (LB=504),7.35,0.4744,2.76,33.64,36.47,0.2184,0.1979,0.4077,0.1495
1.0,0.7,40,DFL-MDD,"DFL-MDD (LB=252, n1=0.1)",6.73,0.466,2.5,33.07,36.17,0.2035,0.3341,0.7376,0.5206
1.0,0.7,40,DFL-MDD,"DFL-MDD (LB=252, n1=0.2)",3.32,0.2695,2.74,36.8,40.24,0.0902,0.4796,1.0,0.5022
1.0,0.7,40,DFL-MDD,"DFL-MDD (LB=252, n1=0.3)",4.91,0.3542,2.72,31.7,33.43,0.155,0.5474,1.0,0.4882
1.0,0.7,40,DFL-MDD,"DFL-MDD (LB=252, n1=0.4)",6.31,0.4405,2.62,26.46,28.3,0.2385,0.4995,1.0,0.7168
1.0,0.7,40,DFL-MDD,"DFL-MDD (LB=504, n1=0.1)",7.45,0.4784,2.71,33.64,36.42,0.2215,0.3245,0.8952,0.6115
1.0,0.7,40,DFL-MDD,"DFL-MDD (LB=504, n1=0.2)",7.92,0.5114,2.72,32.71,35.75,0.2421,0.3907,1.0,0.7293
1.0,0.7,40,DFL-MDD,"DFL-MDD (LB=504, n1=0.3)",5.66,0.3934,2.7,32.83,35.41,0.1725,0.4489,0.9253,0.6999
1.0,0.7,40,DFL-MDD,"DFL-MDD (LB=504, n1=0.4)",3.59,0.277,3.01,35.97,38.69,0.0998,0.5408,1.0,0.7623
1.0,0.7,40,DFL-MVO,DFL-MVO (LB=252),4.74,0.315,3.36,40.95,44.25,0.1158,1.0,1.0,0.4731
1.0,0.7,40,DFL-MVO,DFL-MVO (LB=504),8.02,0.4704,3.12,44.03,49.57,0.182,1.0,1.0,0.2581
1.0,0.7,40,PTO-MDD,"PTO-MDD (LB=252, n1=0.1)",0.09,0.1588,4.25,77.47,116.35,0.0012,0.7131,1.0,0.0758
1.0,0.7,40,PTO-MDD,"PTO-MDD (LB=252, n1=0.2)",1.31,0.2008,4.43,77.47,116.35,0.0168,0.8027,1.0,0.0707
1.0,0.7,40,PTO-MDD,"PTO-MDD (LB=252, n1=0.3)",-0.92,0.1272,4.23,77.47,116.35,-0.0118,0.7263,1.0,0.0848
1.0,0.7,40,PTO-MDD,"PTO-MDD (LB=252, n1=0.4)",-0.6,0.1406,4.38,77.47,116.35,-0.0077,0.7347,1.0,0.0892
1.0,0.7,40,PTO-MDD,"PTO-MDD (LB=504, n1=0.1)",5.68,0.3316,4.58,77.47,116.35,0.0733,0.7402,1.0,0.0815
1.0,0.7,40,PTO-MDD,"PTO-MDD (LB=504, n1=0.2)",2.02,0.2277,4.67,77.47,116.35,0.0261,0.8189,1.0,0.0885
1.0,0.7,40,PTO-MDD,"PTO-MDD (LB=504, n1=0.3)",2.54,0.2428,4.66,77.47,116.35,0.0328,0.8231,1.0,0.0951
1.0,0.7,40,PTO-MDD,"PTO-MDD (LB=504, n1=0.4)",1.57,0.2115,4.51,77.47,116.35,0.0202,0.7293,1.0,0.0882
1.0,0.7,40,PTO-MVO,PTO-MVO (LB=252),7.11,0.4812,2.57,36.05,39.21,0.1971,0.1865,0.3826,0.0803
1.0,0.7,40,PTO-MVO,PTO-MVO (LB=504),5.45,0.3857,2.63,37.41,40.72,0.1457,0.186,0.3097,0.0545
1.0,0.7,40,Benchmark,EW,11.72,0.6465,3.02,38.74,42.75,0.3026,0.1,0.1,0.0327
1.0,0.7,40,Benchmark,GMV (LB=252),7.51,0.5051,2.56,34.84,37.86,0.2154,0.1792,0.3623,0.0797
1.0,0.7,40,Benchmark,hist-MVO (LB=252),10.07,0.6118,2.77,33.71,36.79,0.2989,0.2261,0.4886,0.2701
1.0,0.7,40,Benchmark,GMV (LB=504),6.14,0.4247,2.61,36.17,39.32,0.1699,0.1838,0.2967,0.0531
1.0,0.7,40,Benchmark,hist-MVO (LB=504),6.96,0.4553,2.76,33.66,36.5,0.2069,0.1979,0.4077,0.1495
1.0,1.0,0,DFL-MDD,"DFL-MDD (LB=252, n1=0.1)",5.97,0.3938,2.86,42.34,47.65,0.141,0.305,0.8334,0.618
1.0,1.0,0,DFL-MDD,"DFL-MDD (LB=252, n1=0.2)",13.83,0.786,2.7,31.29,33.67,0.442,0.3355,0.7865,0.5483
1.0,1.0,0,DFL-MDD,"DFL-MDD (LB=252, n1=0.3)",12.45,0.6826,2.96,26.05,28.38,0.4778,0.4881,1.0,0.7049
1.0,1.0,0,DFL-MDD,"DFL-MDD (LB=252, n1=0.4)",7.28,0.424,3.36,34.53,37.75,0.2109,0.4756,1.0,0.7295
1.0,1.0,0,DFL-MDD,"DFL-MDD (LB=504, n1=0.1)",8.75,0.5243,2.82,38.51,41.59,0.2272,0.3064,0.8074,0.4653
1.0,1.0,0,DFL-MDD,"DFL-MDD (LB=504, n1=0.2)",7.84,0.4585,3.12,40.12,44.4,0.1954,0.3173,0.8436,0.6211
1.0,1.0,0,DFL-MDD,"DFL-MDD (LB=504, n1=0.3)",10.43,0.5348,3.35,46.1,50.38,0.2263,0.4521,1.0,0.7976
1.0,1.0,0,DFL-MDD,"DFL-MDD (LB=504, n1=0.4)",8.14,0.4826,3.02,37.02,40.01,0.2198,0.4832,1.0,0.8496
1.0,1.0,0,DFL-MVO,DFL-MVO (LB=252),-0.09,0.1417,4.65,60.19,73.29,-0.0015,1.0,1.0,0.5376
1.0,1.0,0,DFL-MVO,DFL-MVO (LB=504),12.95,0.5665,4.25,43.92,48.48,0.2949,1.0,1.0,0.5376
1.0,1.0,0,PTO-MDD,"PTO-MDD (LB=252, n1=0.1)",0.46,0.1703,4.25,77.47,116.35,0.0059,0.7131,1.0,0.0758
1.0,1.0,0,PTO-MDD,"PTO-MDD (LB=252, n1=0.2)",1.65,0.2112,4.43,77.47,116.35,0.0213,0.8027,1.0,0.0707
1.0,1.0,0,PTO-MDD,"PTO-MDD (LB=252, n1=0.3)",-0.51,0.14,4.23,77.47,116.35,-0.0066,0.7263,1.0,0.0848
1.0,1.0,0,PTO-MDD,"PTO-MDD (LB=252, n1=0.4)",-0.17,0.1539,4.38,77.47,116.35,-0.0022,0.7347,1.0,0.0892
1.0,1.0,0,PTO-MDD,"PTO-MDD (LB=504, n1=0.1)",6.09,0.3431,4.58,77.47,116.35,0.0786,0.7402,1.0,0.0815
1.0,1.0,0,PTO-MDD,"PTO-MDD (LB=504, n1=0.2)",2.45,0.2401,4.67,77.47,116.35,0.0317,0.8189,1.0,0.0885
1.0,1.0,0,PTO-MDD,"PTO-MDD (LB=504, n1=0.3)",3.01,0.2561,4.66,77.47,116.35,0.0388,0.8231,1.0,0.0951
1.0,1.0,0,PTO-MDD,"PTO-MDD (LB=504, n1=0.4)",1.99,0.2242,4.51,77.47,116.35,0.0257,0.7293,1.0,0.0882
1.0,1.0,0,PTO-MVO,PTO-MVO (LB=252),7.52,0.503,2.57,36.02,39.18,0.2086,0.1865,0.3826,0.0803
1.0,1.0,0,PTO-MVO,PTO-MVO (LB=504),5.72,0.4001,2.63,37.39,40.7,0.1531,0.186,0.3097,0.0545
1.0,1.0,0,Benchmark,EW,11.9,0.6541,3.02,38.73,42.74,0.3072,0.1,0.1,0.0327
1.0,1.0,0,Benchmark,GMV (LB=252),7.91,0.5268,2.56,34.81,37.83,0.2274,0.1792,0.3623,0.0797
1.0,1.0,0,Benchmark,hist-MVO (LB=252),11.5,0.6811,2.77,33.62,36.7,0.342,0.2261,0.4886,0.2701
1.0,1.0,0,Benchmark,GMV (LB=504),6.41,0.4388,2.61,36.14,39.3,0.1774,0.1838,0.2967,0.0531
1.0,1.0,0,Benchmark,hist-MVO (LB=504),7.73,0.4935,2.76,33.61,36.44,0.2299,0.1979,0.4077,0.1495
1.0,1.0,5,DFL-MDD,"DFL-MDD (LB=252, n1=0.1)",5.58,0.3751,2.87,42.39,47.72,0.1317,0.305,0.8334,0.618
1.0,1.0,5,DFL-MDD,"DFL-MDD (LB=252, n1=0.2)",13.46,0.7686,2.7,31.33,33.71,0.4295,0.3355,0.7865,0.5483
1.0,1.0,5,DFL-MDD,"DFL-MDD (LB=252, n1=0.3)",11.98,0.6619,2.96,26.06,28.39,0.4597,0.4881,1.0,0.7049
1.0,1.0,5,DFL-MDD,"DFL-MDD (LB=252, n1=0.4)",6.82,0.4048,3.36,34.55,37.76,0.1974,0.4756,1.0,0.7295
1.0,1.0,5,DFL-MDD,"DFL-MDD (LB=504, n1=0.1)",8.45,0.5103,2.82,38.52,41.6,0.2193,0.3064,0.8074,0.4653
1.0,1.0,5,DFL-MDD,"DFL-MDD (LB=504, n1=0.2)",7.44,0.4413,3.12,40.12,44.4,0.1855,0.3173,0.8436,0.6211
1.0,1.0,5,DFL-MDD,"DFL-MDD (LB=504, n1=0.3)",9.91,0.515,3.35,46.14,50.42,0.2148,0.4521,1.0,0.7976
1.0,1.0,5,DFL-MDD,"DFL-MDD (LB=504, n1=0.4)",7.59,0.4582,3.02,37.08,40.06,0.2048,0.4832,1.0,0.8496
1.0,1.0,5,DFL-MVO,DFL-MVO (LB=252),-0.41,0.1306,4.66,60.39,73.76,-0.0068,1.0,1.0,0.5376
1.0,1.0,5,DFL-MVO,DFL-MVO (LB=504),12.59,0.5554,4.25,44.03,48.58,0.2859,1.0,1.0,0.5376
1.0,1.0,5,PTO-MDD,"PTO-MDD (LB=252, n1=0.1)",0.41,0.1689,4.25,77.47,116.35,0.0053,0.7131,1.0,0.0758
1.0,1.0,5,PTO-MDD,"PTO-MDD (LB=252, n1=0.2)",1.6,0.2099,4.43,77.47,116.35,0.0207,0.8027,1.0,0.0707
1.0,1.0,5,PTO-MDD,"PTO-MDD (LB=252, n1=0.3)",-0.56,0.1384,4.23,77.47,116.35,-0.0073,0.7263,1.0,0.0848
1.0,1.0,5,PTO-MDD,"PTO-MDD (LB=252, n1=0.4)",-0.23,0.1522,4.38,77.47,116.35,-0.0029,0.7347,1.0,0.0892
1.0,1.0,5,PTO-MDD,"PTO-MDD (LB=504, n1=0.1)",6.04,0.3417,4.58,77.47,116.35,0.078,0.7402,1.0,0.0815
1.0,1.0,5,PTO-MDD,"PTO-MDD (LB=504, n1=0.2)",2.4,0.2385,4.67,77.47,116.35,0.031,0.8189,1.0,0.0885
1.0,1.0,5,PTO-MDD,"PTO-MDD (LB=504, n1=0.3)",2.95,0.2545,4.66,77.47,116.35,0.0381,0.8231,1.0,0.0951
1.0,1.0,5,PTO-MDD,"PTO-MDD (LB=504, n1=0.4)",1.94,0.2226,4.51,77.47,116.35,0.025,0.7293,1.0,0.0882
1.0,1.0,5,PTO-MVO,PTO-MVO (LB=252),7.46,0.5003,2.57,36.03,39.19,0.2072,0.1865,0.3826,0.0803
1.0,1.0,5,PTO-MVO,PTO-MVO (LB=504),5.69,0.3983,2.63,37.39,40.7,0.1521,0.186,0.3097,0.0545
1.0,1.0,5,Benchmark,EW,11.87,0.6531,3.02,38.73,42.74,0.3066,0.1,0.1,0.0327
1.0,1.0,5,Benchmark,GMV (LB=252),7.86,0.5241,2.56,34.81,37.83,0.2259,0.1792,0.3623,0.0797
1.0,1.0,5,Benchmark,hist-MVO (LB=252),11.32,0.6724,2.77,33.63,36.71,0.3366,0.2261,0.4886,0.2701
1.0,1.0,5,Benchmark,GMV (LB=504),6.38,0.4371,2.61,36.15,39.3,0.1765,0.1838,0.2967,0.0531
1.0,1.0,5,Benchmark,hist-MVO (LB=504),7.63,0.4887,2.76,33.62,36.45,0.227,0.1979,0.4077,0.1495
1.0,1.0,10,DFL-MDD,"DFL-MDD (LB=252, n1=0.1)",5.19,0.3564,2.87,42.43,47.78,0.1224,0.305,0.8334,0.618
1.0,1.0,10,DFL-MDD,"DFL-MDD (LB=252, n1=0.2)",13.09,0.7512,2.7,31.38,33.76,0.4171,0.3355,0.7865,0.5483
1.0,1.0,10,DFL-MDD,"DFL-MDD (LB=252, n1=0.3)",11.51,0.6411,2.96,26.07,28.39,0.4416,0.4881,1.0,0.7049
1.0,1.0,10,DFL-MDD,"DFL-MDD (LB=252, n1=0.4)",6.36,0.3855,3.36,34.57,37.78,0.1839,0.4756,1.0,0.7295
1.0,1.0,10,DFL-MDD,"DFL-MDD (LB=504, n1=0.1)",8.15,0.4963,2.82,38.53,41.6,0.2115,0.3064,0.8074,0.4653
1.0,1.0,10,DFL-MDD,"DFL-MDD (LB=504, n1=0.2)",7.05,0.4242,3.12,40.12,44.4,0.1757,0.3173,0.8436,0.6211
1.0,1.0,10,DFL-MDD,"DFL-MDD (LB=504, n1=0.3)",9.39,0.4952,3.35,46.18,50.46,0.2034,0.4521,1.0,0.7976
1.0,1.0,10,DFL-MDD,"DFL-MDD (LB=504, n1=0.4)",7.05,0.4337,3.02,37.14,40.12,0.1899,0.4832,1.0,0.8496
1.0,1.0,10,DFL-MVO,DFL-MVO (LB=252),-0.73,0.1195,4.66,60.58,74.23,-0.012,1.0,1.0,0.5376
1.0,1.0,10,DFL-MVO,DFL-MVO (LB=504),12.23,0.5444,4.25,44.14,48.67,0.2771,1.0,1.0,0.5376
1.0,1.0,10,PTO-MDD,"PTO-MDD (LB=252, n1=0.1)",0.37,0.1674,4.25,77.47,116.35,0.0047,0.7131,1.0,0.0758
1.0,1.0,10,PTO-MDD,"PTO-MDD (LB=252, n1=0.2)",1.56,0.2086,4.43,77.47,116.35,0.0201,0.8027,1.0,0.0707
1.0,1.0,10,PTO-MDD,"PTO-MDD (LB=252, n1=0.3)",-0.61,0.1368,4.23,77.47,116.35,-0.0079,0.7263,1.0,0.0848
1.0,1.0,10,PTO-MDD,"PTO-MDD (LB=252, n1=0.4)",-0.28,0.1506,4.38,77.47,116.35,-0.0036,0.7347,1.0,0.0892
1.0,1.0,10,PTO-MDD,"PTO-MDD (LB=504, n1=0.1)",5.99,0.3402,4.58,77.47,116.35,0.0773,0.7402,1.0,0.0815
1.0,1.0,10,PTO-MDD,"PTO-MDD (LB=504, n1=0.2)",2.35,0.237,4.67,77.47,116.35,0.0303,0.8189,1.0,0.0885
1.0,1.0,10,PTO-MDD,"PTO-MDD (LB=504, n1=0.3)",2.89,0.2528,4.66,77.47,116.35,0.0373,0.8231,1.0,0.0951
1.0,1.0,10,PTO-MDD,"PTO-MDD (LB=504, n1=0.4)",1.89,0.221,4.51,77.47,116.35,0.0243,0.7293,1.0,0.0882
1.0,1.0,10,PTO-MVO,PTO-MVO (LB=252),7.41,0.4976,2.57,36.03,39.19,0.2058,0.1865,0.3826,0.0803
1.0,1.0,10,PTO-MVO,PTO-MVO (LB=504),5.65,0.3965,2.63,37.4,40.7,0.1512,0.186,0.3097,0.0545
1.0,1.0,10,Benchmark,EW,11.85,0.6522,3.02,38.73,42.74,0.306,0.1,0.1,0.0327
1.0,1.0,10,Benchmark,GMV (LB=252),7.81,0.5214,2.56,34.82,37.84,0.2244,0.1792,0.3623,0.0797
1.0,1.0,10,Benchmark,hist-MVO (LB=252),11.14,0.6638,2.77,33.64,36.72,0.3311,0.2261,0.4886,0.2701
1.0,1.0,10,Benchmark,GMV (LB=504),6.34,0.4353,2.61,36.15,39.31,0.1755,0.1838,0.2967,0.0531
1.0,1.0,10,Benchmark,hist-MVO (LB=504),7.54,0.4839,2.76,33.62,36.46,0.2241,0.1979,0.4077,0.1495
1.0,1.0,20,DFL-MDD,"DFL-MDD (LB=252, n1=0.1)",4.42,0.3189,2.87,42.51,47.91,0.1041,0.305,0.8334,0.618
1.0,1.0,20,DFL-MDD,"DFL-MDD (LB=252, n1=0.2)",12.35,0.7163,2.71,31.47,33.85,0.3926,0.3355,0.7865,0.5483
1.0,1.0,20,DFL-MDD,"DFL-MDD (LB=252, n1=0.3)",10.58,0.5995,2.96,26.08,28.4,0.4057,0.4881,1.0,0.7049
1.0,1.0,20,DFL-MDD,"DFL-MDD (LB=252, n1=0.4)",5.44,0.3471,3.37,34.61,37.81,0.1571,0.4756,1.0,0.7295
1.0,1.0,20,DFL-MDD,"DFL-MDD (LB=504, n1=0.1)",7.55,0.4683,2.82,38.55,41.62,0.196,0.3064,0.8074,0.4653
1.0,1.0,20,DFL-MDD,"DFL-MDD (LB=504, n1=0.2)",6.26,0.3898,3.13,40.12,44.4,0.1561,0.3173,0.8436,0.6211
1.0,1.0,20,DFL-MDD,"DFL-MDD (LB=504, n1=0.3)",8.36,0.4555,3.35,46.26,50.55,0.1807,0.4521,1.0,0.7976
1.0,1.0,20,DFL-MDD,"DFL-MDD (LB=504, n1=0.4)",5.97,0.3847,3.03,37.25,40.24,0.1604,0.4832,1.0,0.8496
1.0,1.0,20,DFL-MVO,DFL-MVO (LB=252),-1.36,0.0974,4.66,60.98,75.17,-0.0223,1.0,1.0,0.5376
1.0,1.0,20,DFL-MVO,DFL-MVO (LB=504),11.51,0.5222,4.25,44.37,48.87,0.2595,1.0,1.0,0.5376
1.0,1.0,20,PTO-MDD,"PTO-MDD (LB=252, n1=0.1)",0.28,0.1646,4.25,77.47,116.35,0.0036,0.7131,1.0,0.0758
1.0,1.0,20,PTO-MDD,"PTO-MDD (LB=252, n1=0.2)",1.48,0.206,4.43,77.47,116.35,0.019,0.8027,1.0,0.0707
1.0,1.0,20,PTO-MDD,"PTO-MDD (LB=252, n1=0.3)",-0.71,0.1336,4.23,77.47,116.35,-0.0092,0.7263,1.0,0.0848
1.0,1.0,20,PTO-MDD,"PTO-MDD (LB=252, n1=0.4)",-0.38,0.1472,4.38,77.47,116.35,-0.005,0.7347,1.0,0.0892
1.0,1.0,20,PTO-MDD,"PTO-MDD (LB=504, n1=0.1)",5.89,0.3373,4.58,77.47,116.35,0.076,0.7402,1.0,0.0815
1.0,1.0,20,PTO-MDD,"PTO-MDD (LB=504, n1=0.2)",2.24,0.2339,4.67,77.47,116.35,0.0289,0.8189,1.0,0.0885
1.0,1.0,20,PTO-MDD,"PTO-MDD (LB=504, n1=0.3)",2.78,0.2495,4.66,77.47,116.35,0.0358,0.8231,1.0,0.0951
1.0,1.0,20,PTO-MDD,"PTO-MDD (LB=504, n1=0.4)",1.78,0.2179,4.51,77.47,116.35,0.023,0.7293,1.0,0.0882
1.0,1.0,20,PTO-MVO,PTO-MVO (LB=252),7.31,0.4921,2.57,36.04,39.2,0.2029,0.1865,0.3826,0.0803
1.0,1.0,20,PTO-MVO,PTO-MVO (LB=504),5.59,0.3929,2.63,37.4,40.71,0.1494,0.186,0.3097,0.0545
1.0,1.0,20,Benchmark,EW,11.81,0.6503,3.02,38.73,42.74,0.3049,0.1,0.1,0.0327
1.0,1.0,20,Benchmark,GMV (LB=252),7.71,0.5159,2.56,34.82,37.85,0.2214,0.1792,0.3623,0.0797
1.0,1.0,20,Benchmark,hist-MVO (LB=252),10.78,0.6465,2.77,33.66,36.75,0.3203,0.2261,0.4886,0.2701
1.0,1.0,20,Benchmark,GMV (LB=504),6.28,0.4318,2.61,36.15,39.31,0.1736,0.1838,0.2967,0.0531
1.0,1.0,20,Benchmark,hist-MVO (LB=504),7.35,0.4744,2.76,33.64,36.47,0.2184,0.1979,0.4077,0.1495
1.0,1.0,40,DFL-MDD,"DFL-MDD (LB=252, n1=0.1)",2.9,0.2439,2.87,42.68,48.16,0.0679,0.305,0.8334,0.618
1.0,1.0,40,DFL-MDD,"DFL-MDD (LB=252, n1=0.2)",10.9,0.6463,2.71,31.96,34.46,0.341,0.3355,0.7865,0.5483
1.0,1.0,40,DFL-MDD,"DFL-MDD (LB=252, n1=0.3)",8.74,0.5159,2.97,26.1,28.43,0.3348,0.4881,1.0,0.7049
1.0,1.0,40,DFL-MDD,"DFL-MDD (LB=252, n1=0.4)",3.62,0.2701,3.38,36.52,39.01,0.0992,0.4756,1.0,0.7295
1.0,1.0,40,DFL-MDD,"DFL-MDD (LB=504, n1=0.1)",6.37,0.4121,2.83,38.58,41.64,0.1651,0.3064,0.8074,0.4653
1.0,1.0,40,DFL-MDD,"DFL-MDD (LB=504, n1=0.2)",4.7,0.321,3.14,40.12,44.4,0.1172,0.3173,0.8436,0.6211
1.0,1.0,40,DFL-MDD,"DFL-MDD (LB=504, n1=0.3)",6.32,0.3759,3.36,48.02,51.57,0.1316,0.4521,1.0,0.7976
1.0,1.0,40,DFL-MDD,"DFL-MDD (LB=504, n1=0.4)",3.85,0.2864,3.04,37.48,40.47,0.1027,0.4832,1.0,0.8496
1.0,1.0,40,DFL-MVO,DFL-MVO (LB=252),-2.62,0.053,4.66,61.98,77.05,-0.0422,1.0,1.0,0.5376
1.0,1.0,40,DFL-MVO,DFL-MVO (LB=504),10.09,0.4775,4.26,44.81,49.26,0.2252,1.0,1.0,0.5376
1.0,1.0,40,PTO-MDD,"PTO-MDD (LB=252, n1=0.1)",0.09,0.1588,4.25,77.47,116.35,0.0012,0.7131,1.0,0.0758
1.0,1.0,40,PTO-MDD,"PTO-MDD (LB=252, n1=0.2)",1.31,0.2008,4.43,77.47,116.35,0.0168,0.8027,1.0,0.0707
1.0,1.0,40,PTO-MDD,"PTO-MDD (LB=252, n1=0.3)",-0.92,0.1272,4.23,77.47,116.35,-0.0118,0.7263,1.0,0.0848
1.0,1.0,40,PTO-MDD,"PTO-MDD (LB=252, n1=0.4)",-0.6,0.1406,4.38,77.47,116.35,-0.0077,0.7347,1.0,0.0892
1.0,1.0,40,PTO-MDD,"PTO-MDD (LB=504, n1=0.1)",5.68,0.3316,4.58,77.47,116.35,0.0733,0.7402,1.0,0.0815
1.0,1.0,40,PTO-MDD,"PTO-MDD (LB=504, n1=0.2)",2.02,0.2277,4.67,77.47,116.35,0.0261,0.8189,1.0,0.0885
1.0,1.0,40,PTO-MDD,"PTO-MDD (LB=504, n1=0.3)",2.54,0.2428,4.66,77.47,116.35,0.0328,0.8231,1.0,0.0951
1.0,1.0,40,PTO-MDD,"PTO-MDD (LB=504, n1=0.4)",1.57,0.2115,4.51,77.47,116.35,0.0202,0.7293,1.0,0.0882
1.0,1.0,40,PTO-MVO,PTO-MVO (LB=252),7.11,0.4812,2.57,36.05,39.21,0.1971,0.1865,0.3826,0.0803
1.0,1.0,40,PTO-MVO,PTO-MVO (LB=504),5.45,0.3857,2.63,37.41,40.72,0.1457,0.186,0.3097,0.0545
1.0,1.0,40,Benchmark,EW,11.72,0.6465,3.02,38.74,42.75,0.3026,0.1,0.1,0.0327
1.0,1.0,40,Benchmark,GMV (LB=252),7.51,0.5051,2.56,34.84,37.86,0.2154,0.1792,0.3623,0.0797
1.0,1.0,40,Benchmark,hist-MVO (LB=252),10.07,0.6118,2.77,33.71,36.79,0.2989,0.2261,0.4886,0.2701
1.0,1.0,40,Benchmark,GMV (LB=504),6.14,0.4247,2.61,36.17,39.32,0.1699,0.1838,0.2967,0.0531
1.0,1.0,40,Benchmark,hist-MVO (LB=504),6.96,0.4553,2.76,33.66,36.5,0.2069,0.1979,0.4077,0.1495
